{
  "type": "page",
  "meta": {
    "id": "page:dK4v3C67em",
    "title": "BlockSuite Playground",
    "createDate": 1704359467561,
    "tags": []
  },
  "blocks": {
    "type": "block",
    "id": "block:or4wbQr2wj",
    "flavour": "affine:page",
    "props": {
      "title": {
        "$blocksuite:internal:text$": true,
        "delta": [
          {
            "insert": "BlockSuite Playground"
          }
        ]
      }
    },
    "children": [
      {
        "type": "block",
        "id": "block:lsv3t4mIEZ",
        "flavour": "affine:surface",
        "props": {
          "elements": {
            "3WNjj2_0cX": {
              "type": "text",
              "xywh": "[2738.520625788885,405.8804823909652,257.7919921875,96]",
              "rotate": 0,
              "text": {
                "affine:surface:text": true,
                "delta": [
                  {
                    "insert": "Agenda"
                  }
                ]
              },
              "color": "--affine-palette-line-green",
              "fontSize": 64,
              "fontFamily": "blocksuite:surface:Poppins",
              "fontWeight": "600",
              "fontStyle": "normal",
              "textAlign": "left",
              "id": "3WNjj2_0cX",
              "index": "a2",
              "seed": 278606533
            },
            "3r7r7pTYD_": {
              "type": "text",
              "xywh": "[2738.520625788885,553.5932352169066,181,48]",
              "rotate": 0,
              "text": {
                "affine:surface:text": true,
                "delta": [
                  {
                    "insert": "Topic title 1"
                  }
                ]
              },
              "color": "--affine-palette-line-green",
              "fontSize": 32,
              "fontFamily": "blocksuite:surface:Poppins",
              "fontWeight": "600",
              "fontStyle": "normal",
              "textAlign": "left",
              "id": "3r7r7pTYD_",
              "index": "a3",
              "seed": 895600276
            },
            "zFILLhb2Ki": {
              "type": "text",
              "xywh": "[2738.520625788885,652.8059880428477,188,48]",
              "rotate": 0,
              "text": {
                "affine:surface:text": true,
                "delta": [
                  {
                    "insert": "Topic title 2"
                  }
                ]
              },
              "color": "--affine-palette-line-green",
              "fontSize": 32,
              "fontFamily": "blocksuite:surface:Poppins",
              "fontWeight": "600",
              "fontStyle": "normal",
              "textAlign": "left",
              "id": "zFILLhb2Ki",
              "index": "a4",
              "seed": 48829006
            },
            "mMIO5Ef6df": {
              "type": "text",
              "xywh": "[2738.520625788885,752.5187408687893,188,48]",
              "rotate": 0,
              "text": {
                "affine:surface:text": true,
                "delta": [
                  {
                    "insert": "Topic title 3"
                  }
                ]
              },
              "color": "--affine-palette-line-green",
              "fontSize": 32,
              "fontFamily": "blocksuite:surface:Poppins",
              "fontWeight": "600",
              "fontStyle": "normal",
              "textAlign": "left",
              "id": "mMIO5Ef6df",
              "index": "a5",
              "seed": 1651003819
            },
            "9OLzAOXg5g": {
              "type": "text",
              "xywh": "[2738.520625788885,852.231493694731,190,48]",
              "rotate": 0,
              "text": {
                "affine:surface:text": true,
                "delta": [
                  {
                    "insert": "Topic title 4"
                  }
                ]
              },
              "color": "--affine-palette-line-green",
              "fontSize": 32,
              "fontFamily": "blocksuite:surface:Poppins",
              "fontWeight": "600",
              "fontStyle": "normal",
              "textAlign": "left",
              "id": "9OLzAOXg5g",
              "index": "a6",
              "seed": 826670243
            },
            "syXqpw3cXg": {
              "type": "shape",
              "xywh": "[3547.8003020290953,281.8464651790168,678.3234111544948,896.0658300980467]",
              "rotate": 0,
              "shapeType": "rect",
              "shapeStyle": "General",
              "radius": 0,
              "filled": true,
              "fillColor": "--affine-palette-shape-green",
              "strokeWidth": 4,
              "strokeColor": "--affine-palette-transparent",
              "strokeStyle": "solid",
              "roughness": 1.4,
              "id": "syXqpw3cXg",
              "index": "a7",
              "seed": 1588121115,
              "color": "--affine-palette-line-black"
            },
            "yla_PzFzRE": {
              "type": "text",
              "xywh": "[2738.520625788885,951.9442465206721,190,48]",
              "rotate": 0,
              "text": {
                "affine:surface:text": true,
                "delta": [
                  {
                    "insert": "Topic title 5"
                  }
                ]
              },
              "color": "--affine-palette-line-green",
              "fontSize": 32,
              "fontFamily": "blocksuite:surface:Poppins",
              "fontWeight": "600",
              "fontStyle": "normal",
              "textAlign": "left",
              "id": "yla_PzFzRE",
              "index": "a8",
              "seed": 1545891687
            },
            "ohFd71GnYV": {
              "type": "text",
              "xywh": "[1277.2433527805765,636.8059880428477,782.2318725585938,123]",
              "rotate": 0,
              "text": {
                "affine:surface:text": true,
                "delta": [
                  {
                    "insert": "Presentation Title"
                  }
                ]
              },
              "color": "--affine-palette-line-green",
              "fontSize": 88,
              "fontFamily": "blocksuite:surface:Poppins",
              "fontWeight": "600",
              "fontStyle": "normal",
              "textAlign": "left",
              "id": "ohFd71GnYV",
              "index": "aB",
              "seed": 245835463
            },
            "dKgCVkBpm5": {
              "type": "text",
              "xywh": "[1625.1593073704203,772.5187408687893,86.39996337890625,51]",
              "rotate": 0,
              "text": {
                "affine:surface:text": true,
                "delta": [
                  {
                    "insert": "Date"
                  }
                ]
              },
              "color": "--affine-palette-line-green",
              "fontSize": 36,
              "fontFamily": "blocksuite:surface:Poppins",
              "fontWeight": "600",
              "fontStyle": "normal",
              "textAlign": "left",
              "id": "dKgCVkBpm5",
              "index": "aC",
              "seed": 129807760
            },
            "b6sClRtlfg": {
              "type": "shape",
              "xywh": "[890.9482679473808,1345.1034743481873,1600.246276700244,385.33721480494546]",
              "rotate": 0,
              "shapeType": "rect",
              "shapeStyle": "General",
              "radius": 0,
              "filled": true,
              "fillColor": "--affine-palette-shape-green",
              "strokeWidth": 4,
              "strokeColor": "--affine-palette-line-yellow",
              "strokeStyle": "none",
              "roughness": 1.4,
              "id": "b6sClRtlfg",
              "index": "aD",
              "seed": 1007621226,
              "color": "--affine-palette-line-black"
            },
            "se6kTYBnhP": {
              "type": "text",
              "xywh": "[1411.3914746568778,1458.088060875463,559.35986328125,89]",
              "rotate": 0,
              "text": {
                "affine:surface:text": true,
                "delta": [
                  {
                    "insert": "Feature with Title"
                  }
                ]
              },
              "color": "--affine-palette-line-white",
              "fontSize": 64,
              "fontFamily": "blocksuite:surface:Poppins",
              "fontWeight": "600",
              "fontStyle": "normal",
              "textAlign": "left",
              "id": "se6kTYBnhP",
              "index": "aE",
              "seed": 788901929
            },
            "JPw1RT59B7": {
              "type": "text",
              "xywh": "[1416.9315137193778,1551.3277050824836,548.27978515625,51]",
              "rotate": 0,
              "text": {
                "affine:surface:text": true,
                "delta": [
                  {
                    "insert": "Breif description or statement"
                  }
                ]
              },
              "color": "--affine-palette-line-white",
              "fontSize": 36,
              "fontFamily": "blocksuite:surface:Poppins",
              "fontWeight": "600",
              "fontStyle": "normal",
              "textAlign": "left",
              "id": "JPw1RT59B7",
              "index": "aF",
              "seed": 393504520
            },
            "uzSCmyyBdW": {
              "type": "shape",
              "xywh": "[2798.6230651785054,1592.8860273404648,581.8980090418504,509.7329517289122]",
              "rotate": 0,
              "shapeType": "rect",
              "shapeStyle": "General",
              "radius": 0.1,
              "filled": true,
              "fillColor": "--affine-palette-shape-green",
              "strokeWidth": 4,
              "strokeColor": "--affine-palette-transparent",
              "strokeStyle": "solid",
              "roughness": 1.4,
              "id": "uzSCmyyBdW",
              "index": "aG",
              "seed": 865461783,
              "color": "--affine-palette-line-black"
            },
            "gl8vmhJSzi": {
              "type": "text",
              "xywh": "[3172.4572803200454,1451.088060875463,511,96]",
              "rotate": 0,
              "text": {
                "affine:surface:text": true,
                "delta": [
                  {
                    "insert": "Image and Text"
                  }
                ]
              },
              "color": "--affine-palette-line-green",
              "fontSize": 64,
              "fontFamily": "blocksuite:surface:Poppins",
              "fontWeight": "600",
              "fontStyle": "normal",
              "textAlign": "left",
              "id": "gl8vmhJSzi",
              "index": "aI",
              "seed": 1880510633
            },
            "CppzJOe4af": {
              "type": "text",
              "xywh": "[3489.723459949698,1623.7525032049207,648.9977605062404,445]",
              "rotate": 0,
              "text": {
                "affine:surface:text": true,
                "delta": [
                  {
                    "insert": "Brief Description or statement.\n\nHow are you, your team, and your offering suited to win in the market you are entering? \n\nInclude images, schematics, or a prototype here."
                  }
                ]
              },
              "color": "--affine-palette-line-green",
              "fontSize": 40,
              "fontFamily": "blocksuite:surface:Poppins",
              "fontWeight": "600",
              "fontStyle": "normal",
              "textAlign": "left",
              "id": "CppzJOe4af",
              "index": "aJ",
              "seed": 1696426829,
              "hasMaxWidth": true
            }
          }
        },
        "children": [
          {
            "type": "block",
            "id": "block:vReME1iOVR",
            "flavour": "affine:frame",
            "props": {
              "title": {
                "$blocksuite:internal:text$": true,
                "delta": [
                  {
                    "insert": "Agenda"
                  }
                ]
              },
              "background": "--affine-tag-green",
              "xywh": "[2627.9572803200454,279.8503453796615,1600,900]",
              "index": "a0"
            },
            "children": []
          },
          {
            "type": "block",
            "id": "block:GfeU04tJ4A",
            "flavour": "affine:image",
            "props": {
              "caption": "",
              "sourceId": "5hrUa6iRv8QEHQ4GukdlEKAJCfsLfn_SO7e1R7-kLbw=",
              "width": 0,
              "height": 0,
              "index": "a9",
              "xywh": "[3796.2086952218488,639.126067843546,181.50662476898833,181.50662476898833]",
              "rotate": 0,
              "size": -1
            },
            "children": []
          },
          {
            "type": "block",
            "id": "block:zk_Z1bGni3",
            "flavour": "affine:image",
            "props": {
              "caption": "",
              "sourceId": "5hrUa6iRv8QEHQ4GukdlEKAJCfsLfn_SO7e1R7-kLbw=",
              "width": 0,
              "height": 0,
              "index": "aA",
              "xywh": "[3796.2086952218488,639.126067843546,181.50662476898833,181.50662476898833]",
              "rotate": 0,
              "size": -1
            },
            "children": []
          },
          {
            "type": "block",
            "id": "block:WYMlxIJdhF",
            "flavour": "affine:frame",
            "props": {
              "title": {
                "$blocksuite:internal:text$": true,
                "delta": [
                  {
                    "insert": "Cover"
                  }
                ]
              },
              "background": "--affine-tag-green",
              "xywh": "[883.5257171184523,277.91229527706355,1600,900]",
              "index": "Zz"
            },
            "children": []
          },
          {
            "type": "block",
            "id": "block:mnyes7EjCE",
            "flavour": "affine:frame",
            "props": {
              "title": {
                "$blocksuite:internal:text$": true,
                "delta": [
                  {
                    "insert": "Topic 1"
                  }
                ]
              },
              "background": "--affine-tag-green",
              "xywh": "[891.1650417577732,1345.320399376866,1600,900]",
              "index": "a2"
            },
            "children": []
          },
          {
            "type": "block",
            "id": "block:ev51m42OjC",
            "flavour": "affine:frame",
            "props": {
              "title": {
                "$blocksuite:internal:text$": true,
                "delta": [
                  {
                    "insert": "Topic 2"
                  }
                ]
              },
              "background": "--affine-tag-green",
              "xywh": "[2627.9572803200454,1345.1034743481873,1600,900]",
              "index": "a3"
            },
            "children": []
          },
          {
            "type": "block",
            "id": "block:psPRTBQVRx",
            "flavour": "affine:image",
            "props": {
              "caption": "",
              "sourceId": "5hrUa6iRv8QEHQ4GukdlEKAJCfsLfn_SO7e1R7-kLbw=",
              "width": 0,
              "height": 0,
              "index": "aH",
              "xywh": "[2998.818757314936,1756.9991908204267,181.50662476898833,181.50662476898833]",
              "rotate": 0,
              "size": -1
            },
            "children": []
          },
          {
            "type": "block",
            "id": "block:XNK1y7xNY6",
            "flavour": "affine:image",
            "props": {
              "caption": "",
              "sourceId": "pgHqDtH06Wy-gIdECYBTRTPiCNMOiUkJq36uw1R14KI=",
              "width": 538,
              "height": 538,
              "index": "aHV",
              "xywh": "[1597.7600608555263,1885.1298123209674,186.62269088395297,186.62269088395317]",
              "rotate": 0,
              "size": 8156
            },
            "children": []
          }
        ]
      }
    ]
  }
}