{
  "type": "info",
  "id": "quickEdgeless",
  "blockVersions": {
    "affine:code": 1,
    "affine:paragraph": 1,
    "affine:page": 2,
    "affine:list": 1,
    "affine:note": 1,
    "affine:divider": 1,
    "affine:image": 1,
    "affine:surface": 5,
    "affine:bookmark": 1,
    "affine:frame": 1,
    "affine:database": 3,
    "affine:surface-ref": 1,
    "affine:data-view": 1,
    "affine:attachment": 1,
    "affine:embed-github": 1,
    "affine:embed-html": 1,
    "affine:embed-linked-page": 1
  },
  "pageVersion": 2,
  "workspaceVersion": 2,
  "properties": {
    "tags": {
      "options": []
    }
  },
  "pages": [
    {
      "id": "page:home",
      "title": "",
      "createDate": 1704268730638,
      "tags": []
    }
  ]
}