{
  "type": "page",
  "meta": {
    "id": "c2zkF1XBn8iOTB_M3F8L2",
    "title": "Tidy a article with  AI MindMap",
    "createDate": 1719302440080,
    "tags": []
  },
  "blocks": {
    "type": "block",
    "id": "xvVH5pS7XtqLDnPGnxrYA",
    "flavour": "affine:page",
    "version": 2,
    "props": {
      "title": {
        "$blocksuite:internal:text$": true,
        "delta": [
          {
            "insert": "Tidy a article with  AI MindMap"
          }
        ]
      }
    },
    "children": [
      {
        "type": "block",
        "id": "aBh1PEEJ1bCgBMUb9Jm7Q",
        "flavour": "affine:surface",
        "version": 5,
        "props": {
          "elements": {
            "KF-RhJ1Bxd": {
              "index": "a0",
              "seed": 858315217,
              "xywh": "[5.5665144086694625,-2005.0764329549559,292.5398406982422,45]",
              "rotate": 0,
              "shapeType": "rect",
              "radius": 8,
              "filled": true,
              "fillColor": "--affine-white",
              "strokeWidth": 4,
              "strokeColor": "#84CFFF",
              "strokeStyle": "solid",
              "shapeStyle": "General",
              "roughness": 1.4,
              "text": {
                "affine:surface:text": true,
                "delta": [
                  {
                    "insert": "Perfect Hard Boiled Eggs"
                  }
                ]
              },
              "color": "--affine-black",
              "fontFamily": "blocksuite:surface:Poppins",
              "fontWeight": "600",
              "textResizing": 1,
              "maxWidth": false,
              "padding": [
                11,
                22
              ],
              "shadow": {
                "offsetX": 0,
                "offsetY": 6,
                "blur": 12,
                "color": "rgba(0, 0, 0, 0.14)"
              },
              "type": "shape",
              "id": "KF-RhJ1Bxd"
            },
            "8LySqE3jDA": {
              "index": "a0",
              "seed": 1307647915,
              "xywh": "[498.1063551069117,-2413.0764329549556,286.57579040527344,30.5]",
              "rotate": 0,
              "shapeType": "rect",
              "radius": 8,
              "filled": true,
              "fillColor": "--affine-white",
              "strokeWidth": 3,
              "strokeColor": "--affine-palette-line-purple",
              "strokeStyle": "solid",
              "shapeStyle": "General",
              "roughness": 1.4,
              "text": {
                "affine:surface:text": true,
                "delta": [
                  {
                    "insert": "How to Make Hard Boiled Eggs"
                  }
                ]
              },
              "color": "--affine-black",
              "fontSize": 16,
              "fontFamily": "blocksuite:surface:Poppins",
              "fontWeight": "500",
              "textResizing": 1,
              "maxWidth": false,
              "padding": [
                6,
                22
              ],
              "shadow": {
                "offsetX": 0,
                "offsetY": 6,
                "blur": 12,
                "color": "rgba(0, 0, 0, 0.14)"
              },
              "type": "shape",
              "id": "8LySqE3jDA"
            },
            "9kA4TwzNiU": {
              "index": "a0",
              "seed": 465763018,
              "xywh": "[894.6821455121851,-2488.5764329549556,147.34390258789062,30.5]",
              "rotate": 0,
              "shapeType": "rect",
              "radius": 8,
              "filled": true,
              "fillColor": "--affine-white",
              "strokeWidth": 3,
              "strokeColor": "--affine-palette-line-purple",
              "strokeStyle": "solid",
              "shapeStyle": "General",
              "roughness": 1.4,
              "text": {
                "affine:surface:text": true,
                "delta": [
                  {
                    "insert": "Boil the eggs"
                  }
                ]
              },
              "color": "--affine-black",
              "fontSize": 16,
              "fontFamily": "blocksuite:surface:Poppins",
              "fontWeight": "500",
              "textResizing": 1,
              "maxWidth": false,
              "padding": [
                6,
                22
              ],
              "shadow": {
                "offsetX": 0,
                "offsetY": 6,
                "blur": 12,
                "color": "rgba(0, 0, 0, 0.14)"
              },
              "type": "shape",
              "id": "9kA4TwzNiU"
            },
            "SweEHzaJrr": {
              "index": "a0",
              "seed": 1897396046,
              "xywh": "[894.6821455121851,-2413.0764329549556,267.9517517089844,30.5]",
              "rotate": 0,
              "shapeType": "rect",
              "radius": 8,
              "filled": true,
              "fillColor": "--affine-white",
              "strokeWidth": 3,
              "strokeColor": "--affine-palette-line-purple",
              "strokeStyle": "solid",
              "shapeStyle": "General",
              "roughness": 1.4,
              "text": {
                "affine:surface:text": true,
                "delta": [
                  {
                    "insert": "Let them sit in the hot water"
                  }
                ]
              },
              "color": "--affine-black",
              "fontSize": 16,
              "fontFamily": "blocksuite:surface:Poppins",
              "fontWeight": "500",
              "textResizing": 1,
              "maxWidth": false,
              "padding": [
                6,
                22
              ],
              "shadow": {
                "offsetX": 0,
                "offsetY": 6,
                "blur": 12,
                "color": "rgba(0, 0, 0, 0.14)"
              },
              "type": "shape",
              "id": "SweEHzaJrr"
            },
            "b5ZnmZZ2de": {
              "index": "a0",
              "seed": 1275461709,
              "xywh": "[894.6821455121851,-2337.5764329549556,251.5998077392578,30.5]",
              "rotate": 0,
              "shapeType": "rect",
              "radius": 8,
              "filled": true,
              "fillColor": "--affine-white",
              "strokeWidth": 3,
              "strokeColor": "--affine-palette-line-purple",
              "strokeStyle": "solid",
              "shapeStyle": "General",
              "roughness": 1.4,
              "text": {
                "affine:surface:text": true,
                "delta": [
                  {
                    "insert": "Move them to an ice bath"
                  }
                ]
              },
              "color": "--affine-black",
              "fontSize": 16,
              "fontFamily": "blocksuite:surface:Poppins",
              "fontWeight": "500",
              "textResizing": 1,
              "maxWidth": false,
              "padding": [
                6,
                22
              ],
              "shadow": {
                "offsetX": 0,
                "offsetY": 6,
                "blur": 12,
                "color": "rgba(0, 0, 0, 0.14)"
              },
              "type": "shape",
              "id": "b5ZnmZZ2de"
            },
            "EFZzhCqLpf": {
              "index": "a0",
              "seed": 825994776,
              "xywh": "[498.1063551069117,-2148.8264329549556,75.75996398925781,30.5]",
              "rotate": 0,
              "shapeType": "rect",
              "radius": 8,
              "filled": true,
              "fillColor": "--affine-white",
              "strokeWidth": 3,
              "strokeColor": "--affine-palette-line-magenta",
              "strokeStyle": "solid",
              "shapeStyle": "General",
              "roughness": 1.4,
              "text": {
                "affine:surface:text": true,
                "delta": [
                  {
                    "insert": "Tips"
                  }
                ]
              },
              "color": "--affine-black",
              "fontSize": 16,
              "fontFamily": "blocksuite:surface:Poppins",
              "fontWeight": "500",
              "textResizing": 1,
              "maxWidth": false,
              "padding": [
                6,
                22
              ],
              "shadow": {
                "offsetX": 0,
                "offsetY": 6,
                "blur": 12,
                "color": "rgba(0, 0, 0, 0.14)"
              },
              "type": "shape",
              "id": "EFZzhCqLpf"
            },
            "2-CiGD8I81": {
              "index": "a0",
              "seed": 237702118,
              "xywh": "[683.8663190961695,-2262.0764329549556,243.4878387451172,30.5]",
              "rotate": 0,
              "shapeType": "rect",
              "radius": 8,
              "filled": true,
              "fillColor": "--affine-white",
              "strokeWidth": 3,
              "strokeColor": "--affine-palette-line-magenta",
              "strokeStyle": "solid",
              "shapeStyle": "General",
              "roughness": 1.4,
              "text": {
                "affine:surface:text": true,
                "delta": [
                  {
                    "insert": "Buy the eggs in advance"
                  }
                ]
              },
              "color": "--affine-black",
              "fontSize": 16,
              "fontFamily": "blocksuite:surface:Poppins",
              "fontWeight": "500",
              "textResizing": 1,
              "maxWidth": false,
              "padding": [
                6,
                22
              ],
              "shadow": {
                "offsetX": 0,
                "offsetY": 6,
                "blur": 12,
                "color": "rgba(0, 0, 0, 0.14)"
              },
              "type": "shape",
              "id": "2-CiGD8I81"
            },
            "lQKYUNqihW": {
              "index": "a0",
              "seed": 1592146627,
              "xywh": "[683.8663190961695,-2186.5764329549556,268.7998046875,30.5]",
              "rotate": 0,
              "shapeType": "rect",
              "radius": 8,
              "filled": true,
              "fillColor": "--affine-white",
              "strokeWidth": 3,
              "strokeColor": "--affine-palette-line-magenta",
              "strokeStyle": "solid",
              "shapeStyle": "General",
              "roughness": 1.4,
              "text": {
                "affine:surface:text": true,
                "delta": [
                  {
                    "insert": "Store the eggs upside down"
                  }
                ]
              },
              "color": "--affine-black",
              "fontSize": 16,
              "fontFamily": "blocksuite:surface:Poppins",
              "fontWeight": "500",
              "textResizing": 1,
              "maxWidth": false,
              "padding": [
                6,
                22
              ],
              "shadow": {
                "offsetX": 0,
                "offsetY": 6,
                "blur": 12,
                "color": "rgba(0, 0, 0, 0.14)"
              },
              "type": "shape",
              "id": "lQKYUNqihW"
            },
            "9P-ffdV7Wl": {
              "index": "a0",
              "seed": 61223078,
              "xywh": "[683.8663190961695,-2111.0764329549556,222.7838134765625,30.5]",
              "rotate": 0,
              "shapeType": "rect",
              "radius": 8,
              "filled": true,
              "fillColor": "--affine-white",
              "strokeWidth": 3,
              "strokeColor": "--affine-palette-line-magenta",
              "strokeStyle": "solid",
              "shapeStyle": "General",
              "roughness": 1.4,
              "text": {
                "affine:surface:text": true,
                "delta": [
                  {
                    "insert": "Don’t skip the ice bath"
                  }
                ]
              },
              "color": "--affine-black",
              "fontSize": 16,
              "fontFamily": "blocksuite:surface:Poppins",
              "fontWeight": "500",
              "textResizing": 1,
              "maxWidth": false,
              "padding": [
                6,
                22
              ],
              "shadow": {
                "offsetX": 0,
                "offsetY": 6,
                "blur": 12,
                "color": "rgba(0, 0, 0, 0.14)"
              },
              "type": "shape",
              "id": "9P-ffdV7Wl"
            },
            "fWRiFK2jym": {
              "index": "a0",
              "seed": 803904229,
              "xywh": "[683.8663190961695,-2035.5764329549556,197.83985900878906,30.5]",
              "rotate": 0,
              "shapeType": "rect",
              "radius": 8,
              "filled": true,
              "fillColor": "--affine-white",
              "strokeWidth": 3,
              "strokeColor": "--affine-palette-line-magenta",
              "strokeStyle": "solid",
              "shapeStyle": "General",
              "roughness": 1.4,
              "text": {
                "affine:surface:text": true,
                "delta": [
                  {
                    "insert": "Peel them carefully"
                  }
                ]
              },
              "color": "--affine-black",
              "fontSize": 16,
              "fontFamily": "blocksuite:surface:Poppins",
              "fontWeight": "500",
              "textResizing": 1,
              "maxWidth": false,
              "padding": [
                6,
                22
              ],
              "shadow": {
                "offsetX": 0,
                "offsetY": 6,
                "blur": 12,
                "color": "rgba(0, 0, 0, 0.14)"
              },
              "type": "shape",
              "id": "fWRiFK2jym"
            },
            "8_MptE6u3t": {
              "index": "a0",
              "seed": 413573993,
              "xywh": "[498.1063551069117,-1733.5764329549556,303.9677734375,30.5]",
              "rotate": 0,
              "shapeType": "rect",
              "radius": 8,
              "filled": true,
              "fillColor": "--affine-white",
              "strokeWidth": 3,
              "strokeColor": "--affine-palette-line-orange",
              "strokeStyle": "solid",
              "shapeStyle": "General",
              "roughness": 1.4,
              "text": {
                "affine:surface:text": true,
                "delta": [
                  {
                    "insert": "Storing and Serving Suggestions"
                  }
                ]
              },
              "color": "--affine-black",
              "fontSize": 16,
              "fontFamily": "blocksuite:surface:Poppins",
              "fontWeight": "500",
              "textResizing": 1,
              "maxWidth": false,
              "padding": [
                6,
                22
              ],
              "shadow": {
                "offsetX": 0,
                "offsetY": 6,
                "blur": 12,
                "color": "rgba(0, 0, 0, 0.14)"
              },
              "type": "shape",
              "id": "8_MptE6u3t"
            },
            "Xl4xLP_NLw": {
              "index": "a0",
              "seed": 318848072,
              "xywh": "[912.0741285444117,-1960.0764329549556,179.82386779785156,30.5]",
              "rotate": 0,
              "shapeType": "rect",
              "radius": 8,
              "filled": true,
              "fillColor": "--affine-white",
              "strokeWidth": 3,
              "strokeColor": "--affine-palette-line-orange",
              "strokeStyle": "solid",
              "shapeStyle": "General",
              "roughness": 1.4,
              "text": {
                "affine:surface:text": true,
                "delta": [
                  {
                    "insert": "Storage duration"
                  }
                ]
              },
              "color": "--affine-black",
              "fontSize": 16,
              "fontFamily": "blocksuite:surface:Poppins",
              "fontWeight": "500",
              "textResizing": 1,
              "maxWidth": false,
              "padding": [
                6,
                22
              ],
              "shadow": {
                "offsetX": 0,
                "offsetY": 6,
                "blur": 12,
                "color": "rgba(0, 0, 0, 0.14)"
              },
              "type": "shape",
              "id": "Xl4xLP_NLw"
            },
            "vmywKUV5er": {
              "index": "a0",
              "seed": 729371553,
              "xywh": "[912.0741285444117,-1695.8264329549556,151.8559112548828,30.5]",
              "rotate": 0,
              "shapeType": "rect",
              "radius": 8,
              "filled": true,
              "fillColor": "--affine-white",
              "strokeWidth": 3,
              "strokeColor": "--affine-palette-line-orange",
              "strokeStyle": "solid",
              "shapeStyle": "General",
              "roughness": 1.4,
              "text": {
                "affine:surface:text": true,
                "delta": [
                  {
                    "insert": "Serving ideas"
                  }
                ]
              },
              "color": "--affine-black",
              "fontSize": 16,
              "fontFamily": "blocksuite:surface:Poppins",
              "fontWeight": "500",
              "textResizing": 1,
              "maxWidth": false,
              "padding": [
                6,
                22
              ],
              "shadow": {
                "offsetX": 0,
                "offsetY": 6,
                "blur": 12,
                "color": "rgba(0, 0, 0, 0.14)"
              },
              "type": "shape",
              "id": "vmywKUV5er"
            },
            "2ka7DttcHg": {
              "index": "a0",
              "seed": 1518858024,
              "xywh": "[1173.9300397992945,-1884.5764329549556,116.03192138671875,30.5]",
              "rotate": 0,
              "shapeType": "rect",
              "radius": 8,
              "filled": true,
              "fillColor": "--affine-white",
              "strokeWidth": 3,
              "strokeColor": "--affine-palette-line-orange",
              "strokeStyle": "solid",
              "shapeStyle": "General",
              "roughness": 1.4,
              "text": {
                "affine:surface:text": true,
                "delta": [
                  {
                    "insert": "In salads"
                  }
                ]
              },
              "color": "--affine-black",
              "fontSize": 16,
              "fontFamily": "blocksuite:surface:Poppins",
              "fontWeight": "500",
              "textResizing": 1,
              "maxWidth": false,
              "padding": [
                6,
                22
              ],
              "shadow": {
                "offsetX": 0,
                "offsetY": 6,
                "blur": 12,
                "color": "rgba(0, 0, 0, 0.14)"
              },
              "type": "shape",
              "id": "2ka7DttcHg"
            },
            "rx-PX9SpuK": {
              "index": "a0",
              "seed": 1110158330,
              "xywh": "[1173.9300397992945,-1809.0764329549556,155.95187377929688,30.5]",
              "rotate": 0,
              "shapeType": "rect",
              "radius": 8,
              "filled": true,
              "fillColor": "--affine-white",
              "strokeWidth": 3,
              "strokeColor": "--affine-palette-line-orange",
              "strokeStyle": "solid",
              "shapeStyle": "General",
              "roughness": 1.4,
              "text": {
                "affine:surface:text": true,
                "delta": [
                  {
                    "insert": "In grain bowls"
                  }
                ]
              },
              "color": "--affine-black",
              "fontSize": 16,
              "fontFamily": "blocksuite:surface:Poppins",
              "fontWeight": "500",
              "textResizing": 1,
              "maxWidth": false,
              "padding": [
                6,
                22
              ],
              "shadow": {
                "offsetX": 0,
                "offsetY": 6,
                "blur": 12,
                "color": "rgba(0, 0, 0, 0.14)"
              },
              "type": "shape",
              "id": "rx-PX9SpuK"
            },
            "rKw103TAM9": {
              "index": "a0",
              "seed": 971946050,
              "xywh": "[1173.9300397992945,-1733.5764329549556,189.02386474609375,30.5]",
              "rotate": 0,
              "shapeType": "rect",
              "radius": 8,
              "filled": true,
              "fillColor": "--affine-white",
              "strokeWidth": 3,
              "strokeColor": "--affine-palette-line-orange",
              "strokeStyle": "solid",
              "shapeStyle": "General",
              "roughness": 1.4,
              "text": {
                "affine:surface:text": true,
                "delta": [
                  {
                    "insert": "On avocado toast"
                  }
                ]
              },
              "color": "--affine-black",
              "fontSize": 16,
              "fontFamily": "blocksuite:surface:Poppins",
              "fontWeight": "500",
              "textResizing": 1,
              "maxWidth": false,
              "padding": [
                6,
                22
              ],
              "shadow": {
                "offsetX": 0,
                "offsetY": 6,
                "blur": 12,
                "color": "rgba(0, 0, 0, 0.14)"
              },
              "type": "shape",
              "id": "rKw103TAM9"
            },
            "6ns53-9Jx5": {
              "index": "a0",
              "seed": 1910233620,
              "xywh": "[1173.9300397992945,-1658.0764329549556,147.48793029785156,30.5]",
              "rotate": 0,
              "shapeType": "rect",
              "radius": 8,
              "filled": true,
              "fillColor": "--affine-white",
              "strokeWidth": 3,
              "strokeColor": "--affine-palette-line-orange",
              "strokeStyle": "solid",
              "shapeStyle": "General",
              "roughness": 1.4,
              "text": {
                "affine:surface:text": true,
                "delta": [
                  {
                    "insert": "Deviled eggs"
                  }
                ]
              },
              "color": "--affine-black",
              "fontSize": 16,
              "fontFamily": "blocksuite:surface:Poppins",
              "fontWeight": "500",
              "textResizing": 1,
              "maxWidth": false,
              "padding": [
                6,
                22
              ],
              "shadow": {
                "offsetX": 0,
                "offsetY": 6,
                "blur": 12,
                "color": "rgba(0, 0, 0, 0.14)"
              },
              "type": "shape",
              "id": "6ns53-9Jx5"
            },
            "TFewDXvUiV": {
              "index": "a0",
              "seed": 127348127,
              "xywh": "[1173.9300397992945,-1582.5764329549556,144.49591064453125,30.5]",
              "rotate": 0,
              "shapeType": "rect",
              "radius": 8,
              "filled": true,
              "fillColor": "--affine-white",
              "strokeWidth": 3,
              "strokeColor": "--affine-palette-line-orange",
              "strokeStyle": "solid",
              "shapeStyle": "General",
              "roughness": 1.4,
              "text": {
                "affine:surface:text": true,
                "delta": [
                  {
                    "insert": "Pickled eggs"
                  }
                ]
              },
              "color": "--affine-black",
              "fontSize": 16,
              "fontFamily": "blocksuite:surface:Poppins",
              "fontWeight": "500",
              "textResizing": 1,
              "maxWidth": false,
              "padding": [
                6,
                22
              ],
              "shadow": {
                "offsetX": 0,
                "offsetY": 6,
                "blur": 12,
                "color": "rgba(0, 0, 0, 0.14)"
              },
              "type": "shape",
              "id": "TFewDXvUiV"
            },
            "1bU34UMq_K": {
              "index": "a0",
              "seed": 556785070,
              "xywh": "[1173.9300397992945,-1507.0764329549556,123.34393310546875,30.5]",
              "rotate": 0,
              "shapeType": "rect",
              "radius": 8,
              "filled": true,
              "fillColor": "--affine-white",
              "strokeWidth": 3,
              "strokeColor": "--affine-palette-line-orange",
              "strokeStyle": "solid",
              "shapeStyle": "General",
              "roughness": 1.4,
              "text": {
                "affine:surface:text": true,
                "delta": [
                  {
                    "insert": "Egg salad"
                  }
                ]
              },
              "color": "--affine-black",
              "fontSize": 16,
              "fontFamily": "blocksuite:surface:Poppins",
              "fontWeight": "500",
              "textResizing": 1,
              "maxWidth": false,
              "padding": [
                6,
                22
              ],
              "shadow": {
                "offsetX": 0,
                "offsetY": 6,
                "blur": 12,
                "color": "rgba(0, 0, 0, 0.14)"
              },
              "type": "shape",
              "id": "1bU34UMq_K"
            },
            "5CG5MwqPqv": {
              "index": "a0",
              "seed": 729387104,
              "children": {
                "affine:surface:ymap": true,
                "json": {
                  "KF-RhJ1Bxd": {
                    "index": "a0"
                  },
                  "8LySqE3jDA": {
                    "index": "a0",
                    "parent": "KF-RhJ1Bxd"
                  },
                  "9kA4TwzNiU": {
                    "index": "a0",
                    "parent": "8LySqE3jDA"
                  },
                  "SweEHzaJrr": {
                    "index": "a1",
                    "parent": "8LySqE3jDA"
                  },
                  "b5ZnmZZ2de": {
                    "index": "a2",
                    "parent": "8LySqE3jDA"
                  },
                  "EFZzhCqLpf": {
                    "index": "a1",
                    "parent": "KF-RhJ1Bxd"
                  },
                  "2-CiGD8I81": {
                    "index": "a0",
                    "parent": "EFZzhCqLpf"
                  },
                  "lQKYUNqihW": {
                    "index": "a1",
                    "parent": "EFZzhCqLpf"
                  },
                  "9P-ffdV7Wl": {
                    "index": "a2",
                    "parent": "EFZzhCqLpf"
                  },
                  "fWRiFK2jym": {
                    "index": "a3",
                    "parent": "EFZzhCqLpf"
                  },
                  "8_MptE6u3t": {
                    "index": "a2",
                    "parent": "KF-RhJ1Bxd"
                  },
                  "Xl4xLP_NLw": {
                    "index": "a0",
                    "parent": "8_MptE6u3t"
                  },
                  "vmywKUV5er": {
                    "index": "a1",
                    "parent": "8_MptE6u3t"
                  },
                  "2ka7DttcHg": {
                    "index": "a1",
                    "parent": "vmywKUV5er"
                  },
                  "rx-PX9SpuK": {
                    "index": "a2",
                    "parent": "vmywKUV5er"
                  },
                  "rKw103TAM9": {
                    "index": "a3",
                    "parent": "vmywKUV5er"
                  },
                  "6ns53-9Jx5": {
                    "index": "a4",
                    "parent": "vmywKUV5er"
                  },
                  "TFewDXvUiV": {
                    "index": "a5",
                    "parent": "vmywKUV5er"
                  },
                  "1bU34UMq_K": {
                    "index": "a6",
                    "parent": "vmywKUV5er"
                  }
                }
              },
              "layoutType": 0,
              "style": 1,
              "type": "mindmap",
              "id": "5CG5MwqPqv"
            },
            "gpYEJ0rbcw": {
              "index": "Zw",
              "seed": 893840847,
              "xywh": "[-165.78442852583308,-3607.6765364757107,1680.1595052083342,2346.0127149906043]",
              "rotate": 0,
              "shapeType": "rect",
              "radius": 0,
              "filled": true,
              "fillColor": "--affine-palette-shape-white",
              "strokeWidth": 2,
              "strokeColor": "--affine-palette-line-grey",
              "strokeStyle": "solid",
              "shapeStyle": "General",
              "roughness": 1.4,
              "color": "--affine-palette-line-black",
              "textResizing": 1,
              "maxWidth": false,
              "padding": [
                10,
                20
              ],
              "shadow": null,
              "type": "shape",
              "id": "gpYEJ0rbcw"
            },
            "He5v7ajn-T": {
              "index": "Zy",
              "seed": 893840847,
              "xywh": "[-719.2977342251301,-4535.006618073261,2232.978790650287,858.5922934124178]",
              "rotate": 0,
              "shapeType": "rect",
              "radius": 0,
              "filled": true,
              "fillColor": "--affine-palette-shape-white",
              "strokeWidth": 2,
              "strokeColor": "--affine-palette-line-grey",
              "strokeStyle": "solid",
              "shapeStyle": "General",
              "roughness": 1.4,
              "color": "--affine-palette-line-black",
              "textResizing": 1,
              "maxWidth": false,
              "padding": [
                10,
                20
              ],
              "shadow": null,
              "type": "shape",
              "id": "He5v7ajn-T"
            },
            "aa5u5SccQs": {
              "index": "a9",
              "seed": 908999255,
              "xywh": "[1071.3464791623217,-4157.920625339748,265.78201593137254,52]",
              "rotate": 0,
              "shapeType": "rect",
              "radius": 0.1,
              "filled": false,
              "fillColor": "--affine-palette-transparent",
              "strokeWidth": 2,
              "strokeColor": "--affine-palette-line-red",
              "strokeStyle": "solid",
              "shapeStyle": "General",
              "roughness": 1.4,
              "color": "--affine-palette-line-black",
              "fontFamily": "blocksuite:surface:Inter",
              "textResizing": 1,
              "maxWidth": false,
              "padding": [
                10,
                20
              ],
              "shadow": null,
              "type": "shape",
              "id": "aa5u5SccQs"
            },
            "lsKBfAp-4F": {
              "index": "aA",
              "seed": 36832320,
              "points": [
                [
                  13.213235294117567,
                  2
                ],
                [
                  13.97150735294099,
                  12.627297794117567
                ],
                [
                  15.53400735294099,
                  20.4512867647054
                ],
                [
                  16.73268995098033,
                  29.23268995098033
                ],
                [
                  17.60968137254895,
                  38.97533700980375
                ],
                [
                  18.65134803921569,
                  46.79932598039204
                ],
                [
                  18.65134803921569,
                  52.333180147058556
                ],
                [
                  21.221047794117567,
                  79.39736519607823
                ],
                [
                  21.221047794117567,
                  92.90839460784309
                ],
                [
                  21.76102941176464,
                  110.2490808823527
                ],
                [
                  20.71170343137237,
                  132.1547181372548
                ],
                [
                  19.424938725490165,
                  140.21231617647027
                ],
                [
                  15.491881127450824,
                  153.4897365196075
                ],
                [
                  13.48514093137237,
                  160.50949754901922
                ],
                [
                  11.195006127450824,
                  165.92080269607823
                ],
                [
                  10.049938725490165,
                  168.96537990196066
                ],
                [
                  6.377297794117567,
                  175.41452205882342
                ],
                [
                  4.470128676470495,
                  178.0799632352937
                ],
                [
                  2.4825367647058556,
                  181.40410539215645
                ],
                [
                  2.241268382352928,
                  181.64154411764684
                ],
                [
                  2,
                  181.87898284313724
                ]
              ],
              "xywh": "[1273.3675859364764,-4101.65115514376,23.76102941176464,183.87898284313724]",
              "rotate": 0,
              "color": "--affine-palette-line-red",
              "lineWidth": 4,
              "type": "brush",
              "id": "lsKBfAp-4F"
            },
            "BMAueE7reY": {
              "index": "Zx",
              "seed": 893840847,
              "xywh": "[-101.50579428167063,-2608.0764329549556,1535.4984382034136,1245.4587631784273]",
              "rotate": 0,
              "shapeType": "rect",
              "radius": 0,
              "filled": true,
              "fillColor": "--affine-palette-shape-white",
              "strokeWidth": 2,
              "strokeColor": "--affine-palette-line-grey",
              "strokeStyle": "solid",
              "shapeStyle": "General",
              "roughness": 1.4,
              "color": "--affine-palette-line-black",
              "textResizing": 1,
              "maxWidth": false,
              "padding": [
                10,
                20
              ],
              "shadow": null,
              "type": "shape",
              "id": "BMAueE7reY"
            }
          }
        },
        "children": [
          {
            "type": "block",
            "id": "HHeMLANFbIQ5IlKcashai",
            "flavour": "affine:image",
            "version": 1,
            "props": {
              "caption": "",
              "sourceId": "VZJPB8ZBVtiZ+m04KNtlguY/t9VLx4itHILIQ3l1MRw=",
              "width": 360,
              "height": 360,
              "index": "a8x",
              "xywh": "[1244.8617171923788,-4756.825408450143,460,430]",
              "rotate": 0,
              "size": -1
            },
            "children": []
          },
          {
            "type": "block",
            "id": "7ppMGny4bs3W3YyCmIV1h",
            "flavour": "affine:image",
            "version": 1,
            "props": {
              "caption": "",
              "sourceId": "oafBAmM8MB094GI9I4U2iG6TWoZpCoa4nDmGY2eH/Kw=",
              "width": 512,
              "height": 512,
              "index": "a8l",
              "xywh": "[801.7228808929794,-3956.5401964400035,128.26255312305756,119.89760400633641]",
              "rotate": 0,
              "size": -1
            },
            "children": []
          },
          {
            "type": "block",
            "id": "3wPz29G-D7kq5TA_Y3umt",
            "flavour": "affine:image",
            "version": 1,
            "props": {
              "caption": "",
              "sourceId": "FwBs2WApEGkiFmu1XR4fHZ/7fOlSsSBdYEyGs2lDeLk=",
              "width": 512,
              "height": 512,
              "index": "a8",
              "xywh": "[-388.18282917974363,-2616.5764329549556,460,430]",
              "rotate": 0,
              "size": -1
            },
            "children": []
          },
          {
            "type": "block",
            "id": "0N5BA6UcC38L_rLyuzOIt",
            "flavour": "affine:image",
            "version": 1,
            "props": {
              "caption": "",
              "sourceId": "evuSkommPr7PBAWCioYDRQpKPZGoY6izIGev2C8Xdt0=",
              "width": 512,
              "height": 512,
              "index": "a5",
              "xywh": "[-331.50579428167066,-2439.9629510737477,460,430]",
              "rotate": 0,
              "size": -1
            },
            "children": []
          },
          {
            "type": "block",
            "id": "R3mRBj3WVEqpbjLORiLnI",
            "flavour": "affine:image",
            "version": 1,
            "props": {
              "caption": "",
              "sourceId": "r97GwoejPTxjumyvS9kdAnB16nZvlM81xsHo0FqdUrM=",
              "width": 360,
              "height": 360,
              "index": "a4",
              "xywh": "[682.426017167965,-1671.0764329549559,460,430]",
              "rotate": 0,
              "size": -1
            },
            "children": []
          },
          {
            "type": "block",
            "id": "5nDK97F00lpCpm9uP8-mr",
            "flavour": "affine:image",
            "version": 1,
            "props": {
              "caption": "",
              "sourceId": "BUwkYl7SHNQCypB/SvkggKwAD3XxCRUPV6dorpW/ki0=",
              "width": 361,
              "height": 360,
              "index": "aB",
              "xywh": "[-54.58329643502205,-3188.2620806623895,586.8503005715413,548.577454882093]",
              "rotate": 0,
              "size": -1
            },
            "children": []
          },
          {
            "type": "block",
            "id": "Bsa5kMGIsmZW4iI8vjBDS",
            "flavour": "affine:edgeless-text",
            "version": 1,
            "props": {
              "xywh": "[912.0741285444117,-3937.7241235657543,511.57137055642556,161.85108531605113]",
              "index": "a8V",
              "color": "--affine-palette-line-grey",
              "fontFamily": "blocksuite:surface:Lora",
              "fontStyle": "italic",
              "fontWeight": "600",
              "textAlign": "left",
              "scale": 1.8392159798349312,
              "rotate": 0,
              "hasMaxWidth": true
            },
            "children": [
              {
                "type": "block",
                "id": "uNMo1QfHyKu5c2OTk3VCi",
                "flavour": "affine:paragraph",
                "version": 1,
                "props": {
                  "type": "text",
                  "text": {
                    "$blocksuite:internal:text$": true,
                    "delta": [
                      {
                        "insert": "Select your article and click \"Brainstorm Ideas with Mind Map.\""
                      }
                    ]
                  }
                },
                "children": []
              }
            ]
          },
          {
            "type": "block",
            "id": "WirrsnWrNQkRKVhj5wVHt",
            "flavour": "affine:image",
            "version": 1,
            "props": {
              "caption": "",
              "sourceId": "hEQysP2Mgfkdl_uscrRTkldJ2phFwwXkU8lG2YYBrr8=",
              "width": 928,
              "height": 1165,
              "index": "a8z",
              "xywh": "[796.1594131900994,-3445.633046912426,550.3741319444446,690.9330427966355]",
              "rotate": 0,
              "size": 39278
            },
            "children": []
          },
          {
            "type": "block",
            "id": "JmneCrKG1mOQ8IsNmWeGd",
            "flavour": "affine:image",
            "version": 1,
            "props": {
              "caption": "",
              "sourceId": "CU35NAr19QIGKmH_2hUCv5ZmLmN8KjMAd5GDIhgq-vQ=",
              "width": 928,
              "height": 1270,
              "index": "a8zV",
              "xywh": "[298.1063551069117,-3345.0955212823374,431.40711805555566,590.395517166547]",
              "rotate": 0,
              "size": 43006
            },
            "children": []
          },
          {
            "type": "block",
            "id": "4qn_c1NEFJmyFXOxxgMiH",
            "flavour": "affine:image",
            "version": 1,
            "props": {
              "caption": "",
              "sourceId": "Rh149JZeG_t7vPjn_OfI7k39KQweZG2-3S3NDFToIlk=",
              "width": 1920,
              "height": 1008,
              "index": "a8zl",
              "xywh": "[-628.1106774316083,-4447.43958692829,1201.9769965277778,631.0379231770834]",
              "rotate": 0,
              "size": 903728
            },
            "children": []
          },
          {
            "type": "block",
            "id": "dpLq1b52gILOgRyoPvkYC",
            "flavour": "affine:image",
            "version": 1,
            "props": {
              "caption": "",
              "sourceId": "bC5Kz4mq-CkVmzPa2cI4TG-Ol37LCRU8SGuUAFDzxm4=",
              "width": 1083,
              "height": 787,
              "index": "a8zt",
              "xywh": "[835.373544485016,-4410.947862624266,573.4929441532543,416.7487969054582]",
              "rotate": 0,
              "size": 271088
            },
            "children": []
          },
          {
            "type": "block",
            "id": "ONNlT2RaNFxFaM0Njf6BV",
            "flavour": "affine:edgeless-text",
            "version": 1,
            "props": {
              "xywh": "[910.2951180818449,-3938.2992677575426,511.57137055642556,161.85108531605113]",
              "index": "aD",
              "color": "--affine-palette-line-red",
              "fontFamily": "blocksuite:surface:Lora",
              "fontStyle": "italic",
              "fontWeight": "600",
              "textAlign": "left",
              "scale": 1.8392159798349312,
              "rotate": 0,
              "hasMaxWidth": true
            },
            "children": [
              {
                "type": "block",
                "id": "wqFbVx3fj5EG2kglnG-PU",
                "flavour": "affine:paragraph",
                "version": 1,
                "props": {
                  "type": "text",
                  "text": {
                    "$blocksuite:internal:text$": true,
                    "delta": [
                      {
                        "insert": "Select your article and click \"Brainstorm Ideas with Mind Map.\""
                      }
                    ]
                  }
                },
                "children": []
              }
            ]
          }
        ]
      },
      {
        "type": "block",
        "id": "zNUQvQegc5oxugndekvrR",
        "flavour": "affine:note",
        "version": 1,
        "props": {
          "xywh": "[-719.2977342251301,-3589.2510810722097,531.2578125,2262.349296234508]",
          "background": "--affine-note-background-yellow",
          "index": "a0",
          "hidden": false,
          "displayMode": "both",
          "edgeless": {
            "style": {
              "borderRadius": 0,
              "borderSize": 4,
              "borderStyle": "none",
              "shadowType": "--affine-note-shadow-paper"
            },
            "collapse": true,
            "collapsedHeight": 2262.349296234508,
            "scale": 1
          }
        },
        "children": [
          {
            "type": "block",
            "id": "QoLRXfcMBTb6cjig0LAZF",
            "flavour": "affine:paragraph",
            "version": 1,
            "props": {
              "type": "h1",
              "text": {
                "$blocksuite:internal:text$": true,
                "delta": [
                  {
                    "insert": "How to Make Hard Boiled Eggs"
                  }
                ]
              }
            },
            "children": []
          },
          {
            "type": "block",
            "id": "uql6WpExL__omSU4FBdj2",
            "flavour": "affine:paragraph",
            "version": 1,
            "props": {
              "type": "text",
              "text": {
                "$blocksuite:internal:text$": true,
                "delta": [
                  {
                    "insert": "Learn how to make hard boiled eggs perfectly every time! With this easy method, they'll be easy to peel and have vibrant yellow yolks."
                  }
                ]
              }
            },
            "children": []
          },
          {
            "type": "block",
            "id": "gN8TASodDN9RuB7oP-r5m",
            "flavour": "affine:paragraph",
            "version": 1,
            "props": {
              "type": "text",
              "text": {
                "$blocksuite:internal:text$": true,
                "delta": []
              }
            },
            "children": [
              {
                "type": "block",
                "id": "-BKFToBMnZa3TUWW24Ner",
                "flavour": "affine:image",
                "version": 1,
                "props": {
                  "caption": "",
                  "sourceId": "nUHITiJMBL6s4wZjLyD-M5wnctWjIQC_LSa78-UyVMU=",
                  "width": 384.015625,
                  "height": 405.53125,
                  "index": "a0",
                  "xywh": "[0,0,0,0]",
                  "rotate": 0,
                  "size": -1
                },
                "children": []
              }
            ]
          },
          {
            "type": "block",
            "id": "XiTZyPjPdrwoTiDDjrhVs",
            "flavour": "affine:paragraph",
            "version": 1,
            "props": {
              "type": "text",
              "text": {
                "$blocksuite:internal:text$": true,
                "delta": [
                  {
                    "insert": "Here’s the good news: perfect hard boiled eggs are easy to make. …And the bad news: so are less-than-perfect ones. I don’t know about you, but I’ve certainly cooked my fair share of the latter. When you try to peel away the shell, half the whites come along with it, or when you cut it open, the yolk is slightly green instead of brilliant yellow. Pretty disappointing, if you ask me."
                  }
                ]
              }
            },
            "children": []
          },
          {
            "type": "block",
            "id": "Fg3sWMWon12ArXIweaUjN",
            "flavour": "affine:paragraph",
            "version": 1,
            "props": {
              "type": "text",
              "text": {
                "$blocksuite:internal:text$": true,
                "delta": [
                  {
                    "insert": "See, cooking perfect hard boiled eggs is easy, but that doesn’t mean that the process you use doesn’t matter. After years of trial and error, I’m happy to say that this method for how to make hard boiled eggs works every time! The yolks are always sunshine yellow, and the shells slide right off. Whether you’re getting ready for Easter, prepping for Passover, or just on the hunt for a protein-packed snack, this easy hard boiled egg recipe is guaranteed to please."
                  }
                ]
              }
            },
            "children": []
          },
          {
            "type": "block",
            "id": "XoQDn-bmDBdfeqVeRJCKT",
            "flavour": "affine:paragraph",
            "version": 1,
            "props": {
              "type": "text",
              "text": {
                "$blocksuite:internal:text$": true,
                "delta": []
              }
            },
            "children": []
          },
          {
            "type": "block",
            "id": "H4iHnSFRkkfQjEgThe04p",
            "flavour": "affine:paragraph",
            "version": 1,
            "props": {
              "type": "text",
              "text": {
                "$blocksuite:internal:text$": true,
                "delta": []
              }
            },
            "children": [
              {
                "type": "block",
                "id": "WRJMHkBARZ6cpQ57QYb3V",
                "flavour": "affine:image",
                "version": 1,
                "props": {
                  "caption": "",
                  "sourceId": "3Wjx7lTWoH2UygD_uB4c97UZ7Jn7gzNSluPl-nybtpY=",
                  "width": 453.8359375,
                  "height": 579.8125,
                  "index": "a0",
                  "xywh": "[0,0,0,0]",
                  "rotate": 0,
                  "size": -1
                },
                "children": []
              }
            ]
          },
          {
            "type": "block",
            "id": "3qHShiN9AEzafMyskI76l",
            "flavour": "affine:paragraph",
            "version": 1,
            "props": {
              "type": "h2",
              "text": {
                "$blocksuite:internal:text$": true,
                "delta": [
                  {
                    "insert": "How to Make Hard Boiled Eggs"
                  }
                ]
              }
            },
            "children": []
          },
          {
            "type": "block",
            "id": "lZvEqwqvLtlhmn5ChAorb",
            "flavour": "affine:paragraph",
            "version": 1,
            "props": {
              "type": "text",
              "text": {
                "$blocksuite:internal:text$": true,
                "delta": [
                  {
                    "insert": "Follow these simple steps to make perfect hard boiled eggs every time:"
                  }
                ]
              }
            },
            "children": []
          },
          {
            "type": "block",
            "id": "lqIc4E0gFL7eezSKsz221",
            "flavour": "affine:paragraph",
            "version": 1,
            "props": {
              "type": "text",
              "text": {
                "$blocksuite:internal:text$": true,
                "delta": [
                  {
                    "insert": "First, boil the eggs.",
                    "attributes": {
                      "bold": true
                    }
                  },
                  {
                    "insert": " Place them in a pot and cover them with cold water by 1 inch. Bring the water to a boil over high heat."
                  }
                ]
              }
            },
            "children": []
          },
          {
            "type": "block",
            "id": "VO90gBAAj9pXPl6mTx1JE",
            "flavour": "affine:paragraph",
            "version": 1,
            "props": {
              "type": "text",
              "text": {
                "$blocksuite:internal:text$": true,
                "delta": []
              }
            },
            "children": [
              {
                "type": "block",
                "id": "CU3cmd4tTO07Nd6IRcWLc",
                "flavour": "affine:paragraph",
                "version": 1,
                "props": {
                  "type": "text",
                  "text": {
                    "$blocksuite:internal:text$": true,
                    "delta": []
                  }
                },
                "children": []
              }
            ]
          },
          {
            "type": "block",
            "id": "Hg24PhpZTnY4D2gZtm_zL",
            "flavour": "affine:paragraph",
            "version": 1,
            "props": {
              "type": "text",
              "text": {
                "$blocksuite:internal:text$": true,
                "delta": [
                  {
                    "insert": "Then, let them sit in the hot water.",
                    "attributes": {
                      "bold": true
                    }
                  },
                  {
                    "insert": " As soon as the water begins to boil, turn off the heat and cover the pot. Leave the eggs in the hot water for anywhere from 10-12 minutes, depending on how you like your eggs. The 10-minute eggs will have vibrant, creamy yolks, while the 12-minute yolks will be paler and opaque, with a chalkier texture."
                  }
                ]
              }
            },
            "children": []
          },
          {
            "type": "block",
            "id": "Bd1gf4YxZ9zEUcI1oITJB",
            "flavour": "affine:paragraph",
            "version": 1,
            "props": {
              "type": "text",
              "text": {
                "$blocksuite:internal:text$": true,
                "delta": []
              }
            },
            "children": [
              {
                "type": "block",
                "id": "guXOjwSE6jNyBgk0PM2PS",
                "flavour": "affine:paragraph",
                "version": 1,
                "props": {
                  "type": "text",
                  "text": {
                    "$blocksuite:internal:text$": true,
                    "delta": []
                  }
                },
                "children": []
              }
            ]
          },
          {
            "type": "block",
            "id": "vrpJvk9GwzBD498S-BFsN",
            "flavour": "affine:paragraph",
            "version": 1,
            "props": {
              "type": "text",
              "text": {
                "$blocksuite:internal:text$": true,
                "delta": [
                  {
                    "insert": "Finally, move them to an ice bath.",
                    "attributes": {
                      "bold": true
                    }
                  },
                  {
                    "insert": " When the time is up, drain the eggs and transfer them to a large bowl of ice water to stop the cooking process. Leave them in the ice bath for at least 14 minutes before you peel the eggs."
                  }
                ]
              }
            },
            "children": []
          },
          {
            "type": "block",
            "id": "hM21OM0JIee4Uty8SyEEZ",
            "flavour": "affine:paragraph",
            "version": 1,
            "props": {
              "type": "text",
              "text": {
                "$blocksuite:internal:text$": true,
                "delta": [
                  {
                    "insert": "If you’re not planning to eat the eggs right away, feel free to leave them in the shells and store them in the fridge. But even if this is the case, don’t cut the ice bath short! It’s crucial for stopping the cooking process and making the eggs easy to peel later on."
                  }
                ]
              }
            },
            "children": []
          },
          {
            "type": "block",
            "id": "cpn9ws2iwxm8awl4APbdJ",
            "flavour": "affine:paragraph",
            "version": 1,
            "props": {
              "type": "text",
              "text": {
                "$blocksuite:internal:text$": true,
                "delta": [
                  {
                    "insert": "See below for the complete recipe!",
                    "attributes": {
                      "italic": true
                    }
                  }
                ]
              }
            },
            "children": []
          },
          {
            "type": "block",
            "id": "abmi_qD0YN6-Q2dFyJO7O",
            "flavour": "affine:paragraph",
            "version": 1,
            "props": {
              "type": "text",
              "text": {
                "$blocksuite:internal:text$": true,
                "delta": []
              }
            },
            "children": [
              {
                "type": "block",
                "id": "aF9T4qum59pBRI1A-wdOS",
                "flavour": "affine:paragraph",
                "version": 1,
                "props": {
                  "type": "text",
                  "text": {
                    "$blocksuite:internal:text$": true,
                    "delta": []
                  }
                },
                "children": []
              }
            ]
          },
          {
            "type": "block",
            "id": "M5te18wo_L7dAclhYGXKG",
            "flavour": "affine:paragraph",
            "version": 1,
            "props": {
              "type": "h2",
              "text": {
                "$blocksuite:internal:text$": true,
                "delta": [
                  {
                    "insert": "Perfect Hard Boiled Eggs Tips"
                  }
                ]
              }
            },
            "children": []
          },
          {
            "type": "block",
            "id": "vA62Zm1rd9A5yj_BvGxXa",
            "flavour": "affine:list",
            "version": 1,
            "props": {
              "type": "bulleted",
              "text": {
                "$blocksuite:internal:text$": true,
                "delta": [
                  {
                    "insert": "Buy the eggs in advance. ",
                    "attributes": {
                      "bold": true
                    }
                  },
                  {
                    "insert": "If I’m cooking "
                  },
                  {
                    "insert": "sunny side up eggs",
                    "attributes": {
                      "link": "https://www.loveandlemons.com/sunny-side-up-eggs/"
                    }
                  },
                  {
                    "insert": ", fresh eggs will yield the best results every time. But if I’m hard boiling them, the opposite is true! Boiled farm-fresh eggs are more difficult to peel than older eggs. If you want to make perfect hard boiled eggs, it pays to buy them in advance and cook them after a few days in the fridge."
                  }
                ]
              },
              "checked": false,
              "collapsed": false
            },
            "children": []
          },
          {
            "type": "block",
            "id": "I6rvPbsWtJ9-HRyBZ16Wq",
            "flavour": "affine:list",
            "version": 1,
            "props": {
              "type": "bulleted",
              "text": {
                "$blocksuite:internal:text$": true,
                "delta": [
                  {
                    "insert": "Store the eggs upside down.",
                    "attributes": {
                      "bold": true
                    }
                  },
                  {
                    "insert": " This tip comes from Jack’s mom, who makes the BEST "
                  },
                  {
                    "insert": "deviled eggs",
                    "attributes": {
                      "link": "https://www.loveandlemons.com/deviled-eggs/"
                    }
                  },
                  {
                    "insert": " for family gatherings. In order for the yolks to land right in the center of the hard boiled eggs, she recommends storing the raw eggs upside down before you cook them."
                  }
                ]
              },
              "checked": false,
              "collapsed": false
            },
            "children": []
          },
          {
            "type": "block",
            "id": "mVIwKfdKZUextQJh2RADA",
            "flavour": "affine:list",
            "version": 1,
            "props": {
              "type": "bulleted",
              "text": {
                "$blocksuite:internal:text$": true,
                "delta": [
                  {
                    "insert": "Don’t skip the ice bath! ",
                    "attributes": {
                      "bold": true
                    }
                  },
                  {
                    "insert": "Overcooked hard boiled eggs have an unappealing greenish ring around the yolks. We want our yolks to come out sunshine-yellow, so transfer the eggs to an ice bath to stop the cooking process as soon as they come out of the pot. This step is also crucial for making hard boiled eggs that are easy to peel. The ice bath helps separate the egg membrane from the shell, so you’ll be able to peel away the shell without ripping off chunks of egg white."
                  }
                ]
              },
              "checked": false,
              "collapsed": false
            },
            "children": []
          },
          {
            "type": "block",
            "id": "4vNw2mTRT7IOWgr0KtKNe",
            "flavour": "affine:list",
            "version": 1,
            "props": {
              "type": "bulleted",
              "text": {
                "$blocksuite:internal:text$": true,
                "delta": [
                  {
                    "insert": "Peel them carefully. ",
                    "attributes": {
                      "bold": true
                    }
                  },
                  {
                    "insert": "The ice bath should set you up for success here, but that doesn’t mean the shell will all come off in one piece. Gently rap the egg on the counter to break the entire shell into small pieces. Carefully peel it away along the fractures, leaving the egg whites as intact as possible."
                  }
                ]
              },
              "checked": false,
              "collapsed": false
            },
            "children": []
          },
          {
            "type": "block",
            "id": "53vWd-tLn7Eno4szVjdZ7",
            "flavour": "affine:paragraph",
            "version": 1,
            "props": {
              "type": "text",
              "text": {
                "$blocksuite:internal:text$": true,
                "delta": []
              }
            },
            "children": [
              {
                "type": "block",
                "id": "vlgnmas8gvWfUluZuGAN_",
                "flavour": "affine:paragraph",
                "version": 1,
                "props": {
                  "type": "text",
                  "text": {
                    "$blocksuite:internal:text$": true,
                    "delta": []
                  }
                },
                "children": []
              }
            ]
          },
          {
            "type": "block",
            "id": "yO9PrcMGDvZC-HrCvSp3T",
            "flavour": "affine:paragraph",
            "version": 1,
            "props": {
              "type": "h2",
              "text": {
                "$blocksuite:internal:text$": true,
                "delta": [
                  {
                    "insert": "Storing and Serving Suggestions"
                  }
                ]
              }
            },
            "children": []
          },
          {
            "type": "block",
            "id": "CtkQSKwug93AXWyfCt2z6",
            "flavour": "affine:paragraph",
            "version": 1,
            "props": {
              "type": "text",
              "text": {
                "$blocksuite:internal:text$": true,
                "delta": [
                  {
                    "insert": "Peeled or unpeeled hard boiled eggs will keep in the refrigerator for up to 5 days. Enjoy them as a protein-packed snack with salt and pepper or "
                  },
                  {
                    "insert": "Everything Bagel Seasoning",
                    "attributes": {
                      "link": "https://www.loveandlemons.com/everything-bagel-seasoning/"
                    }
                  },
                  {
                    "insert": ", slice them into salads, add them to grain bowls, or top them onto "
                  },
                  {
                    "insert": "avocado toast",
                    "attributes": {
                      "link": "https://www.loveandlemons.com/avocado-toast-recipe/"
                    }
                  },
                  {
                    "insert": ". I also love to make hard boiled eggs to turn into "
                  },
                  {
                    "insert": "deviled eggs",
                    "attributes": {
                      "link": "https://www.loveandlemons.com/best-deviled-eggs-recipe/"
                    }
                  },
                  {
                    "insert": ", "
                  },
                  {
                    "insert": "pickled eggs",
                    "attributes": {
                      "link": "https://www.loveandlemons.com/pickled-eggs/"
                    }
                  },
                  {
                    "insert": ", or "
                  },
                  {
                    "insert": "healthy egg salad",
                    "attributes": {
                      "link": "https://www.loveandlemons.com/egg-salad/"
                    }
                  },
                  {
                    "insert": "!"
                  }
                ]
              }
            },
            "children": []
          },
          {
            "type": "block",
            "id": "d9Fv0Z1qHO7FbUeCaXGPp",
            "flavour": "affine:paragraph",
            "version": 1,
            "props": {
              "type": "text",
              "text": {
                "$blocksuite:internal:text$": true,
                "delta": [
                  {
                    "insert": "How do you like to eat hard boiled eggs? Let me know in the comments!"
                  }
                ]
              }
            },
            "children": []
          },
          {
            "type": "block",
            "id": "cWNbdN_UuLEj0uJM9yjax",
            "flavour": "affine:paragraph",
            "version": 1,
            "props": {
              "type": "text",
              "text": {
                "$blocksuite:internal:text$": true,
                "delta": []
              }
            },
            "children": [
              {
                "type": "block",
                "id": "xE57reLXtSrfOHFgpWPVH",
                "flavour": "affine:paragraph",
                "version": 1,
                "props": {
                  "type": "text",
                  "text": {
                    "$blocksuite:internal:text$": true,
                    "delta": []
                  }
                },
                "children": []
              }
            ]
          },
          {
            "type": "block",
            "id": "WLg55Na40lyTa3rLNJ6oT",
            "flavour": "affine:paragraph",
            "version": 1,
            "props": {
              "type": "text",
              "text": {
                "$blocksuite:internal:text$": true,
                "delta": []
              }
            },
            "children": []
          },
          {
            "type": "block",
            "id": "dgnn-ncAZkjdYPpGil2GG",
            "flavour": "affine:paragraph",
            "version": 1,
            "props": {
              "type": "text",
              "text": {
                "$blocksuite:internal:text$": true,
                "delta": []
              }
            },
            "children": []
          },
          {
            "type": "block",
            "id": "bPeCpIOIcpGb_4zm97Ofe",
            "flavour": "affine:bookmark",
            "version": 1,
            "props": {
              "style": "horizontal",
              "url": "https://www.loveandlemons.com/how-to-make-hard-boiled-eggs/",
              "caption": null,
              "description": "Learn how to make hard boiled eggs that are easy to peel and have perfect yellow yolks. This easy method works every time!",
              "icon": "https://affine.fail/api/worker/image-proxy?url=https%3A%2F%2Fwww.loveandlemons.com%2Ffavicon.ico",
              "image": "https://affine.fail/api/worker/image-proxy?url=https%3A%2F%2Fwww.loveandlemons.com%2Fwp-content%2Fuploads%2F2020%2F04%2Fhard-boiled-eggs.jpg",
              "title": "How to Make Hard Boiled Eggs - Love and Lemons",
              "index": "a0",
              "xywh": "[0,0,0,0]",
              "rotate": 0
            },
            "children": []
          }
        ]
      }
    ]
  }
}