{
  "type": "info",
  "id": "94e2d3bd-8980-4571-ac89-d8af0adc8e19",
  "pageVersion": 2,
  "workspaceVersion": 2,
  "properties": {
    "tags": {
      "options": [
        {
          "id": "VK_kEAg5jFXC7g5KUqJQk",
          "value": "Notion",
          "color": "var(--affine-palette-line-teal)"
        },
        {
          "id": "GGs-oBqwySoHbdq9ZXbNv",
          "value": "Limits",
          "color": "var(--affine-palette-line-blue)"
        }
      ]
    }
  },
  "pages": [
    {
      "id": "VH32suiMegFpDTeVMyoe4",
      "title": "AFFiNE - not just a note-taking app",
      "createDate": 1709474476913,
      "tags": [],
      "updatedDate": 1709475302064
    },
    {
      "id": "OCnqY0qnPXpY4rffuovhz",
      "title": "2024-03-03",
      "createDate": 1709395200000,
      "tags": []
    },
    {
      "id": "3q6LFhKcmLcg5T1BuS_6N",
      "title": "2024-03-03",
      "createDate": 1709395200000,
      "tags": []
    },
    {
      "id": "rSVhyrnjn3Sfv_YLyBVWN",
      "title": "2024-03-04",
      "createDate": 1709481600000,
      "tags": []
    },
    {
      "id": "fXjyLvfDrU6QeJd5rNALo",
      "title": "2024-03-04",
      "createDate": 1709481600000,
      "tags": []
    },
    {
      "id": "WPqCtvh3q6W0fH5oxY5P-",
      "title": "",
      "createDate": 1709609587883,
      "tags": [],
      "updatedDate": 1709609589957
    },
    {
      "updatedDate": 1718852046971,
      "id": "hS4mIgleQ2RIV6p8S7Vqa",
      "title": "2024-03-05",
      "createDate": 1709568000000,
      "tags": []
    },
    {
      "id": "BdLN55OcEqJp8oLubiYu3",
      "title": "Hetpabase",
      "createDate": 1709617491148,
      "tags": []
    },
    {
      "id": "UUO1BRhBJnrd38reAA8xL",
      "title": "",
      "createDate": 1709691192105,
      "tags": [],
      "updatedDate": 1709691193982
    },
    {
      "id": "Z4EJo-zQY-3omDi62QAkO",
      "title": "2024-03-06",
      "createDate": 1709691301966,
      "tags": []
    },
    {
      "id": "Djpydj-681RxvsWkQ_LRg",
      "title": "",
      "createDate": 1709691472547,
      "tags": [],
      "updatedDate": 1718892552912
    },
    {
      "id": "EsCFoqwJDoP7eKm8V9SMq",
      "title": "2024-03-06",
      "createDate": 1709692220982,
      "tags": [],
      "updatedDate": 1709692223733
    },
    {
      "id": "ao71Unx4TH",
      "title": "Untitled",
      "createDate": 1709692261911,
      "tags": []
    },
    {
      "id": "xkOBgWT_H-",
      "title": "Pushing Notion to the Limits",
      "createDate": 1709692272464,
      "tags": [
        "VK_kEAg5jFXC7g5KUqJQk",
        "GGs-oBqwySoHbdq9ZXbNv"
      ],
      "updatedDate": 1718789684258
    },
    {
      "id": "Q5Z5ZSwwcW-8YDAvUBI6p",
      "title": "Map",
      "createDate": 1709693044245,
      "tags": [],
      "favorite": true,
      "updatedDate": 1709693050510
    },
    {
      "id": "LrZSvhxR197Mycf0jDiyA",
      "title": "heptabase",
      "createDate": 1718789692533,
      "tags": []
    },
    {
      "id": "Xoe7jUQ17YiNA1NOnLgVW",
      "title": "test new embed edgeless",
      "createDate": 1718852075484,
      "tags": [],
      "updatedDate": 1718894095669
    },
    {
      "id": "sO_ugHf2nqJQLvSbFWjY8",
      "title": "2024-06-20",
      "createDate": 1718894098680,
      "tags": [],
      "updatedDate": 1718894126902
    },
    {
      "id": "vjp7_-iYFvluIrvLEXPU5",
      "title": "1",
      "createDate": 1719302433409,
      "tags": [],
      "updatedDate": 1719302437063
    },
    {
      "id": "c2zkF1XBn8iOTB_M3F8L2",
      "title": "Tidy a article with  AI MindMap",
      "createDate": 1719302440080,
      "tags": [],
      "updatedDate": 1719316615857
    },
    {
      "id": "6_VOvooW5EBkC8XJM3DzK",
      "title": "2024-06-25",
      "createDate": 1719305049791,
      "tags": []
    }
  ]
}