{
  "type": "page",
  "meta": {
    "id": "cK0OK1kUvyK8tQA-_ph9c",
    "title": "Freely communicate with AI",
    "createDate": 1719284462316,
    "tags": []
  },
  "blocks": {
    "type": "block",
    "id": "TKFkoBSxudLssaQXKkUyj",
    "flavour": "affine:page",
    "version": 2,
    "props": {
      "title": {
        "$blocksuite:internal:text$": true,
        "delta": [
          {
            "insert": "Freely communicate with AI"
          }
        ]
      }
    },
    "children": [
      {
        "type": "block",
        "id": "WVQPdRJpoRhY6GuyCwT3J",
        "flavour": "affine:surface",
        "version": 5,
        "props": {
          "elements": {
            "2P_cL9gCEy": {
              "index": "a1",
              "seed": 1131001356,
              "xywh": "[-335.38459620302274,530.2890223332672,366.84796142578125,167.02439024390245]",
              "rotate": 0,
              "text": {
                "affine:surface:text": true,
                "delta": [
                  {
                    "insert": "Tutorial"
                  }
                ]
              },
              "color": "--affine-palette-line-magenta",
              "fontSize": 128,
              "fontFamily": "blocksuite:surface:BebasNeue",
              "fontWeight": "400",
              "fontStyle": "normal",
              "textAlign": "left",
              "hasMaxWidth": false,
              "type": "text",
              "id": "2P_cL9gCEy"
            },
            "zKt2La-yI-": {
              "index": "a2",
              "seed": 222679715,
              "xywh": "[-335.38459620302274,806.7830398843083,723,51]",
              "rotate": 0,
              "text": {
                "affine:surface:text": true,
                "delta": [
                  {
                    "insert": "1. Click \"Sidebar\" button to open sidebar."
                  }
                ]
              },
              "color": "--affine-palette-line-blue",
              "fontSize": 36,
              "fontFamily": "blocksuite:surface:Poppins",
              "fontWeight": "400",
              "fontStyle": "normal",
              "textAlign": "left",
              "hasMaxWidth": false,
              "type": "text",
              "id": "zKt2La-yI-"
            },
            "bAGTOpFjWw": {
              "index": "a4",
              "seed": 222679715,
              "xywh": "[971.7331468536785,797.3350675228695,797,49]",
              "rotate": 0,
              "text": {
                "affine:surface:text": true,
                "delta": [
                  {
                    "insert": "2. Click the first button to switch to AFFiNE AI."
                  }
                ]
              },
              "color": "--affine-palette-line-blue",
              "fontSize": 36,
              "fontFamily": "blocksuite:surface:Poppins",
              "fontWeight": "400",
              "fontStyle": "normal",
              "textAlign": "left",
              "hasMaxWidth": false,
              "type": "text",
              "id": "bAGTOpFjWw"
            },
            "7AeGm8k4HT": {
              "index": "a6",
              "seed": 222679715,
              "xywh": "[-298.45345776559714,2043.0931865416283,927.3538427562161,109.44827162312686]",
              "rotate": 0,
              "text": {
                "affine:surface:text": true,
                "delta": [
                  {
                    "insert": "ALL DONE! Just chat with AFFiNE AI!"
                  }
                ]
              },
              "color": "--affine-palette-line-blue",
              "fontSize": 82.89573235361088,
              "fontFamily": "blocksuite:surface:BebasNeue",
              "fontWeight": "400",
              "fontStyle": "normal",
              "textAlign": "left",
              "hasMaxWidth": false,
              "type": "text",
              "id": "7AeGm8k4HT"
            },
            "kluE6tdb8d": {
              "index": "Zy",
              "seed": 1641401922,
              "xywh": "[-447.14190663369345,474.9985291042441,2555.0104051309277,1248.1244938063226]",
              "rotate": 0,
              "shapeType": "rect",
              "radius": 0,
              "filled": true,
              "fillColor": "--affine-palette-shape-white",
              "strokeWidth": 2,
              "strokeColor": "--affine-palette-line-grey",
              "strokeStyle": "solid",
              "shapeStyle": "General",
              "roughness": 1.4,
              "color": "--affine-palette-line-black",
              "textResizing": 1,
              "maxWidth": false,
              "type": "shape",
              "id": "kluE6tdb8d"
            },
            "0R_RvH9AjQ": {
              "index": "Zx",
              "seed": 1395772437,
              "xywh": "[-458.49999654566057,2000.4811444408742,1300.2574540856644,893.0339657181764]",
              "rotate": 0,
              "shapeType": "rect",
              "radius": 0,
              "filled": true,
              "fillColor": "--affine-palette-shape-white",
              "strokeWidth": 2,
              "strokeColor": "--affine-palette-line-grey",
              "strokeStyle": "solid",
              "shapeStyle": "General",
              "roughness": 1.4,
              "color": "--affine-palette-line-black",
              "textResizing": 1,
              "maxWidth": false,
              "type": "shape",
              "id": "0R_RvH9AjQ"
            }
          }
        },
        "children": [
          {
            "type": "block",
            "id": "H0_BVOsVWs8saK_YjYvfW",
            "flavour": "affine:image",
            "version": 1,
            "props": {
              "caption": "",
              "sourceId": "evuSkommPr7PBAWCioYDRQpKPZGoY6izIGev2C8Xdt0=",
              "width": 512,
              "height": 512,
              "index": "a0zzV",
              "xywh": "[666.9951322126302,2713.3782832049674,325.7396438686666,304.4957540511448]",
              "rotate": 340.3114134973562,
              "size": -1
            },
            "children": []
          },
          {
            "type": "block",
            "id": "b0OsxiAe5GSLAkGRsc6jG",
            "flavour": "affine:image",
            "version": 1,
            "props": {
              "caption": "",
              "sourceId": "VZJPB8ZBVtiZ+m04KNtlguY/t9VLx4itHILIQ3l1MRw=",
              "width": 360,
              "height": 360,
              "index": "a0zx",
              "xywh": "[593.809136485024,1772.383312943674,460,430]",
              "rotate": 0,
              "size": -1
            },
            "children": []
          },
          {
            "type": "block",
            "id": "UQ_cYmE4ZKsUvuPWV3R8W",
            "flavour": "affine:image",
            "version": 1,
            "props": {
              "caption": "",
              "sourceId": "FwBs2WApEGkiFmu1XR4fHZ/7fOlSsSBdYEyGs2lDeLk=",
              "width": 512,
              "height": 512,
              "index": "a0zl",
              "xywh": "[-419.2170904370952,2358.5157156520404,100.91439166956346,94.33301829980928]",
              "rotate": 0,
              "size": -1
            },
            "children": []
          },
          {
            "type": "block",
            "id": "xZhireEZofkINwj040sAr",
            "flavour": "affine:image",
            "version": 1,
            "props": {
              "caption": "",
              "sourceId": "4bEGq5+p+s6HfbtbVNwGEvEg+YEQ8wA8NA7Uj/vxTBE=",
              "width": 360,
              "height": 360,
              "index": "a0z",
              "xywh": "[661.2393447266752,2189.689430822267,138.7259994340195,129.6786516448443]",
              "rotate": 0,
              "size": -1
            },
            "children": []
          },
          {
            "type": "block",
            "id": "Wl4wGJlsex9yF67H-jK0a",
            "flavour": "affine:image",
            "version": 1,
            "props": {
              "caption": "",
              "sourceId": "evuSkommPr7PBAWCioYDRQpKPZGoY6izIGev2C8Xdt0=",
              "width": 512,
              "height": 512,
              "index": "a0x",
              "xywh": "[1544.7467170018692,848.3350675228695,230.43020356728664,215.4021468128983]",
              "rotate": 0,
              "size": -1
            },
            "children": []
          },
          {
            "type": "block",
            "id": "FLbnNF1vDGIhxCt_aMCZA",
            "flavour": "affine:image",
            "version": 1,
            "props": {
              "caption": "",
              "sourceId": "evuSkommPr7PBAWCioYDRQpKPZGoY6izIGev2C8Xdt0=",
              "width": 512,
              "height": 512,
              "index": "a0l",
              "xywh": "[425.74147711525495,703.2287594715222,276.1161348366588,258.1085608255723]",
              "rotate": 136.53480142050896,
              "size": -1
            },
            "children": []
          },
          {
            "type": "block",
            "id": "OKMQGMdmVuq1FIdtc3_0e",
            "flavour": "affine:image",
            "version": 1,
            "props": {
              "caption": "",
              "sourceId": "Ar05RPwLjmt3KaGay0vk4Kt4ROwUIvsesAXmKMonCdM=",
              "width": 588,
              "height": 418,
              "index": "a0",
              "xywh": "[854.0877262057913,2008.2573352242991,1245.2908412957745,885.2577749347514]",
              "rotate": 0,
              "size": 449973
            },
            "children": []
          },
          {
            "type": "block",
            "id": "_mPCIK_SC2-TwvROcU8pX",
            "flavour": "affine:image",
            "version": 1,
            "props": {
              "caption": "",
              "sourceId": "dMDt1SHwfD7VUoymlzsb695IrgqaLo_TuPvU1CjFvCg=",
              "width": 1010,
              "height": 775,
              "index": "a0V",
              "xywh": "[-335.38459620302274,886.934876816195,1010,775]",
              "rotate": 0,
              "size": 119124
            },
            "children": []
          },
          {
            "type": "block",
            "id": "PXPw9n0VVCEAe1ZqltBoR",
            "flavour": "affine:image",
            "version": 1,
            "props": {
              "caption": "",
              "sourceId": "UI84lc-NR4zmqmCiAhRjdSK6cJ1lwHGvA_B6a9BadtA=",
              "width": 1010,
              "height": 775,
              "index": "a0t",
              "xywh": "[971.7331468536786,880.1423235847473,1010,775]",
              "rotate": 0,
              "size": 150666
            },
            "children": []
          },
          {
            "type": "block",
            "id": "PQ_mwXxfAuCd45tod-1rH",
            "flavour": "affine:image",
            "version": 1,
            "props": {
              "caption": "",
              "sourceId": "yt-73uXOtu6nTdGl1UMGTm6fJtK9HmXIcpQfwekI5yU=",
              "width": 2400,
              "height": 1260,
              "index": "a0zz",
              "xywh": "[-447.14190663369345,-909.5660609021749,2552.3809523809523,1340]",
              "rotate": 0,
              "size": 825902
            },
            "children": []
          }
        ]
      },
      {
        "type": "block",
        "id": "0C6Z9AzO-zKxAfGXSiwoL",
        "flavour": "affine:note",
        "version": 1,
        "props": {
          "xywh": "[245.42480772263298,2209.0287566446887,364,100]",
          "background": "--affine-tag-teal",
          "index": "a0zV",
          "hidden": false,
          "displayMode": "edgeless",
          "edgeless": {
            "style": {
              "borderRadius": 8,
              "borderSize": 4,
              "borderStyle": "solid",
              "shadowType": "--affine-note-shadow-box"
            },
            "scale": 1
          }
        },
        "children": [
          {
            "type": "block",
            "id": "uWvg-GQgAGWqsUuQCkgIE",
            "flavour": "affine:paragraph",
            "version": 1,
            "props": {
              "type": "h4",
              "text": {
                "$blocksuite:internal:text$": true,
                "delta": [
                  {
                    "insert": "What is AFFiNE AI?"
                  }
                ]
              }
            },
            "children": []
          }
        ]
      },
      {
        "type": "block",
        "id": "QW1UY6SPYJV2GSMUwvl-7",
        "flavour": "affine:note",
        "version": 1,
        "props": {
          "xywh": "[-298.45345776559714,2358.5157156520404,800,472]",
          "background": "--affine-tag-yellow",
          "index": "a0",
          "hidden": false,
          "displayMode": "both",
          "edgeless": {
            "style": {
              "borderRadius": 8,
              "borderSize": 4,
              "borderStyle": "solid",
              "shadowType": "--affine-note-shadow-box"
            }
          }
        },
        "children": [
          {
            "type": "block",
            "id": "f9a8X4sPOYwLMiWekjNcn",
            "flavour": "affine:paragraph",
            "version": 1,
            "props": {
              "type": "h1",
              "text": {
                "$blocksuite:internal:text$": true,
                "delta": [
                  {
                    "insert": "What is AFFiNE AI?"
                  }
                ]
              }
            },
            "children": []
          },
          {
            "type": "block",
            "id": "W17W0EdOHdU-8pClC8ukL",
            "flavour": "affine:paragraph",
            "version": 1,
            "props": {
              "type": "text",
              "text": {
                "$blocksuite:internal:text$": true,
                "delta": [
                  {
                    "insert": "AFFiNE AI is a professional and humorous copilot within AFFiNE, a versatile productivity tool. Powered by the latest GPT model from OpenAI and AFFiNE, AFFiNE AI assists users in writing documents, drawing diagrams, and planning tasks using AFFiNE's unified building blocks. These blocks can be used across various interfaces, including:"
                  }
                ]
              }
            },
            "children": []
          },
          {
            "type": "block",
            "id": "ZnnaaG598IrxNZx1G9S_4",
            "flavour": "affine:list",
            "version": 1,
            "props": {
              "type": "bulleted",
              "text": {
                "$blocksuite:internal:text$": true,
                "delta": [
                  {
                    "insert": "Block-based Docs Editor",
                    "attributes": {
                      "bold": true
                    }
                  },
                  {
                    "insert": ": For creating and editing text documents."
                  }
                ]
              },
              "checked": false,
              "collapsed": false
            },
            "children": []
          },
          {
            "type": "block",
            "id": "I-smUrFgDZMGS74s8vqmR",
            "flavour": "affine:list",
            "version": 1,
            "props": {
              "type": "bulleted",
              "text": {
                "$blocksuite:internal:text$": true,
                "delta": [
                  {
                    "insert": "Infinite Canvas-based Edgeless Graphic Mode",
                    "attributes": {
                      "bold": true
                    }
                  },
                  {
                    "insert": ": For drawing diagrams and visualizing ideas without boundaries."
                  }
                ]
              },
              "checked": false,
              "collapsed": false
            },
            "children": []
          },
          {
            "type": "block",
            "id": "UFooeB9ea2nWC6gUWIk2J",
            "flavour": "affine:list",
            "version": 1,
            "props": {
              "type": "bulleted",
              "text": {
                "$blocksuite:internal:text$": true,
                "delta": [
                  {
                    "insert": "Multi-dimensional Table with Transformable Views",
                    "attributes": {
                      "bold": true
                    }
                  },
                  {
                    "insert": ": For organizing and managing data in a flexible manner."
                  }
                ]
              },
              "checked": false,
              "collapsed": false
            },
            "children": []
          },
          {
            "type": "block",
            "id": "dLfINmL9PMH3vBN7R40T8",
            "flavour": "affine:paragraph",
            "version": 1,
            "props": {
              "type": "text",
              "text": {
                "$blocksuite:internal:text$": true,
                "delta": [
                  {
                    "insert": "AFFiNE AI provides step-by-step guidance, detailed markdown plans, and respects user privacy. It leverages the open-source technologies developed by Toeverything .Pte .Ltd, including blocksuite and octobase, to offer a seamless and transformative user experience."
                  }
                ]
              }
            },
            "children": []
          },
          {
            "type": "block",
            "id": "Us8axghnfBfxCnGERa8Qu",
            "flavour": "affine:paragraph",
            "version": 1,
            "props": {
              "type": "text",
              "text": {
                "$blocksuite:internal:text$": true,
                "delta": []
              }
            },
            "children": []
          }
        ]
      }
    ]
  }
}