{
  "type": "page",
  "meta": {
    "id": "cK0OK1kUvyK8tQA-_ph9c",
    "title": "Freely communicate with AI",
    "createDate": 1719284462316,
    "tags": []
  },
  "blocks": {
    "type": "block",
    "id": "TKFkoBSxudLssaQXKkUyj",
    "flavour": "affine:page",
    "version": 2,
    "props": {
      "title": {
        "$blocksuite:internal:text$": true,
        "delta": [
          {
            "insert": "Freely communicate with AI"
          }
        ]
      }
    },
    "children": [
      {
        "type": "block",
        "id": "WVQPdRJpoRhY6GuyCwT3J",
        "flavour": "affine:surface",
        "version": 5,
        "props": {
          "elements": {
            "2P_cL9gCEy": {
              "index": "a1",
              "seed": 1131001356,
              "xywh": "[-335.38459620302274,363.3374766659149,366.84796142578125,167.02439024390245]",
              "rotate": 0,
              "text": {
                "affine:surface:text": true,
                "delta": [
                  {
                    "insert": "Tutorial"
                  }
                ]
              },
              "color": "--affine-palette-line-magenta",
              "fontSize": 128,
              "fontFamily": "blocksuite:surface:BebasNeue",
              "fontWeight": "400",
              "fontStyle": "normal",
              "textAlign": "left",
              "hasMaxWidth": false,
              "type": "text",
              "id": "2P_cL9gCEy"
            },
            "zKt2La-yI-": {
              "index": "a2",
              "seed": 222679715,
              "xywh": "[-335.38459620302274,549.2505077589101,723,51]",
              "rotate": 0,
              "text": {
                "affine:surface:text": true,
                "delta": [
                  {
                    "insert": "1. Click \"Sidebar\" button to open sidebar."
                  }
                ]
              },
              "color": "--affine-palette-line-blue",
              "fontSize": 36,
              "fontFamily": "blocksuite:surface:Poppins",
              "fontWeight": "400",
              "fontStyle": "normal",
              "textAlign": "left",
              "hasMaxWidth": false,
              "type": "text",
              "id": "zKt2La-yI-"
            },
            "bAGTOpFjWw": {
              "index": "a4",
              "seed": 222679715,
              "xywh": "[794.4858733543144,539.8025353974713,1245,51]",
              "rotate": 0,
              "text": {
                "affine:surface:text": true,
                "delta": [
                  {
                    "insert": "2. Click the first button which named \"AFFiNE AI\" to switch to AFFiNE AI."
                  }
                ]
              },
              "color": "--affine-palette-line-blue",
              "fontSize": 36,
              "fontFamily": "blocksuite:surface:Poppins",
              "fontWeight": "400",
              "fontStyle": "normal",
              "textAlign": "left",
              "hasMaxWidth": false,
              "type": "text",
              "id": "bAGTOpFjWw"
            },
            "7AeGm8k4HT": {
              "index": "a6",
              "seed": 222679715,
              "xywh": "[192.19430883916027,1516.4597527464864,656,51]",
              "rotate": 0,
              "text": {
                "affine:surface:text": true,
                "delta": [
                  {
                    "insert": "3. ALL DONE! Just chat with AFFiNE AI!"
                  }
                ]
              },
              "color": "--affine-palette-line-blue",
              "fontSize": 36,
              "fontFamily": "blocksuite:surface:Poppins",
              "fontWeight": "400",
              "fontStyle": "normal",
              "textAlign": "left",
              "hasMaxWidth": false,
              "type": "text",
              "id": "7AeGm8k4HT"
            },
            "4ZRgFKpblV": {
              "index": "a7",
              "seed": 732435538,
              "xywh": "[-368.5840331544855,-92.22444328935849,1161.7276611328125,334.0487804878049]",
              "rotate": 0,
              "text": {
                "affine:surface:text": true,
                "delta": [
                  {
                    "insert": "How to\nfreely communicate with AI"
                  }
                ]
              },
              "color": "--affine-palette-line-blue",
              "fontSize": 128,
              "fontFamily": "blocksuite:surface:BebasNeue",
              "fontWeight": "400",
              "fontStyle": "normal",
              "textAlign": "left",
              "hasMaxWidth": false,
              "type": "text",
              "id": "4ZRgFKpblV"
            },
            "b52Y2RA1rj": {
              "index": "Zz",
              "seed": 1494854359,
              "xywh": "[-446.1049413591476,-713.8555529026357,2513.0534795221974,1007.4151161023877]",
              "rotate": 0,
              "shapeType": "rect",
              "radius": 0,
              "filled": true,
              "fillColor": "--affine-palette-shape-yellow",
              "strokeWidth": 2,
              "strokeColor": "--affine-palette-line-yellow",
              "strokeStyle": "solid",
              "shapeStyle": "General",
              "roughness": 1.4,
              "color": "--affine-palette-line-black",
              "textResizing": 1,
              "maxWidth": false,
              "type": "shape",
              "id": "b52Y2RA1rj"
            },
            "kluE6tdb8d": {
              "index": "Zy",
              "seed": 1641401922,
              "xywh": "[-447.14190663369345,353.3374766659149,2519.3573292625556,1873.8812745225946]",
              "rotate": 0,
              "shapeType": "rect",
              "radius": 0,
              "filled": true,
              "fillColor": "--affine-palette-shape-white",
              "strokeWidth": 2,
              "strokeColor": "--affine-palette-line-grey",
              "strokeStyle": "solid",
              "shapeStyle": "General",
              "roughness": 1.4,
              "color": "--affine-palette-line-black",
              "textResizing": 1,
              "maxWidth": false,
              "type": "shape",
              "id": "kluE6tdb8d"
            }
          }
        },
        "children": [
          {
            "type": "block",
            "id": "UQ_cYmE4ZKsUvuPWV3R8W",
            "flavour": "affine:image",
            "version": 1,
            "props": {
              "caption": "",
              "sourceId": "FwBs2WApEGkiFmu1XR4fHZ/7fOlSsSBdYEyGs2lDeLk=",
              "width": 512,
              "height": 512,
              "index": "a0zl",
              "xywh": "[183.5524106794321,1741.38817333079,100.91439166956346,94.33301829980928]",
              "rotate": 0,
              "size": -1
            },
            "children": []
          },
          {
            "type": "block",
            "id": "xZhireEZofkINwj040sAr",
            "flavour": "affine:image",
            "version": 1,
            "props": {
              "caption": "",
              "sourceId": "4bEGq5+p+s6HfbtbVNwGEvEg+YEQ8wA8NA7Uj/vxTBE=",
              "width": 360,
              "height": 360,
              "index": "a0z",
              "xywh": "[1264.0088458432024,1572.561888501016,138.7259994340195,129.6786516448443]",
              "rotate": 0,
              "size": -1
            },
            "children": []
          },
          {
            "type": "block",
            "id": "Wl4wGJlsex9yF67H-jK0a",
            "flavour": "affine:image",
            "version": 1,
            "props": {
              "caption": "",
              "sourceId": "evuSkommPr7PBAWCioYDRQpKPZGoY6izIGev2C8Xdt0=",
              "width": 512,
              "height": 512,
              "index": "a0x",
              "xywh": "[1367.499443502505,590.8025353974713,230.43020356728664,215.4021468128983]",
              "rotate": 0,
              "size": -1
            },
            "children": []
          },
          {
            "type": "block",
            "id": "FLbnNF1vDGIhxCt_aMCZA",
            "flavour": "affine:image",
            "version": 1,
            "props": {
              "caption": "",
              "sourceId": "evuSkommPr7PBAWCioYDRQpKPZGoY6izIGev2C8Xdt0=",
              "width": 512,
              "height": 512,
              "index": "a0l",
              "xywh": "[425.74147711525495,445.696227346124,276.1161348366588,258.1085608255723]",
              "rotate": 136.53480142050896,
              "size": -1
            },
            "children": []
          },
          {
            "type": "block",
            "id": "OKMQGMdmVuq1FIdtc3_0e",
            "flavour": "affine:image",
            "version": 1,
            "props": {
              "caption": "",
              "sourceId": "Ar05RPwLjmt3KaGay0vk4Kt4ROwUIvsesAXmKMonCdM=",
              "width": 588,
              "height": 418,
              "index": "a0",
              "xywh": "[707.5788078280666,-674.8447301410829,1312.4735984501008,933.0169458369764]",
              "rotate": 0,
              "size": 449973
            },
            "children": []
          },
          {
            "type": "block",
            "id": "_mPCIK_SC2-TwvROcU8pX",
            "flavour": "affine:image",
            "version": 1,
            "props": {
              "caption": "",
              "sourceId": "dMDt1SHwfD7VUoymlzsb695IrgqaLo_TuPvU1CjFvCg=",
              "width": 1010,
              "height": 775,
              "index": "a0V",
              "xywh": "[-335.38459620302274,629.4023446907968,1010,775]",
              "rotate": 0,
              "size": 119124
            },
            "children": []
          },
          {
            "type": "block",
            "id": "PXPw9n0VVCEAe1ZqltBoR",
            "flavour": "affine:image",
            "version": 1,
            "props": {
              "caption": "",
              "sourceId": "UI84lc-NR4zmqmCiAhRjdSK6cJ1lwHGvA_B6a9BadtA=",
              "width": 1010,
              "height": 775,
              "index": "a0t",
              "xywh": "[794.4858733543145,622.609791459349,1010,775]",
              "rotate": 0,
              "size": 150666
            },
            "children": []
          }
        ]
      },
      {
        "type": "block",
        "id": "0C6Z9AzO-zKxAfGXSiwoL",
        "flavour": "affine:note",
        "version": 1,
        "props": {
          "xywh": "[848.1943088391603,1591.9012143234381,364,100]",
          "background": "--affine-tag-teal",
          "index": "a0zV",
          "hidden": false,
          "displayMode": "edgeless",
          "edgeless": {
            "style": {
              "borderRadius": 8,
              "borderSize": 4,
              "borderStyle": "solid",
              "shadowType": "--affine-note-shadow-box"
            },
            "scale": 1
          }
        },
        "children": [
          {
            "type": "block",
            "id": "uWvg-GQgAGWqsUuQCkgIE",
            "flavour": "affine:paragraph",
            "version": 1,
            "props": {
              "type": "h4",
              "text": {
                "$blocksuite:internal:text$": true,
                "delta": [
                  {
                    "insert": "What is AFFiNE AI?"
                  }
                ]
              }
            },
            "children": []
          }
        ]
      },
      {
        "type": "block",
        "id": "QW1UY6SPYJV2GSMUwvl-7",
        "flavour": "affine:note",
        "version": 1,
        "props": {
          "xywh": "[304.31604335093016,1741.38817333079,800,439]",
          "background": "--affine-tag-yellow",
          "index": "a0",
          "hidden": false,
          "displayMode": "both",
          "edgeless": {
            "style": {
              "borderRadius": 8,
              "borderSize": 4,
              "borderStyle": "solid",
              "shadowType": "--affine-note-shadow-box"
            }
          }
        },
        "children": [
          {
            "type": "block",
            "id": "f9a8X4sPOYwLMiWekjNcn",
            "flavour": "affine:paragraph",
            "version": 1,
            "props": {
              "type": "h1",
              "text": {
                "$blocksuite:internal:text$": true,
                "delta": [
                  {
                    "insert": "What is AFFiNE AI?"
                  }
                ]
              }
            },
            "children": []
          },
          {
            "type": "block",
            "id": "W17W0EdOHdU-8pClC8ukL",
            "flavour": "affine:paragraph",
            "version": 1,
            "props": {
              "type": "text",
              "text": {
                "$blocksuite:internal:text$": true,
                "delta": [
                  {
                    "insert": "AFFiNE AI is a professional and humorous copilot within AFFiNE, a versatile productivity tool. Powered by the latest GPT model from OpenAI and AFFiNE, AFFiNE AI assists users in writing documents, drawing diagrams, and planning tasks using AFFiNE's unified building blocks. These blocks can be used across various interfaces, including:"
                  }
                ]
              }
            },
            "children": []
          },
          {
            "type": "block",
            "id": "ZnnaaG598IrxNZx1G9S_4",
            "flavour": "affine:list",
            "version": 1,
            "props": {
              "type": "bulleted",
              "text": {
                "$blocksuite:internal:text$": true,
                "delta": [
                  {
                    "insert": "Block-based Docs Editor",
                    "attributes": {
                      "bold": true
                    }
                  },
                  {
                    "insert": ": For creating and editing text documents."
                  }
                ]
              },
              "checked": false,
              "collapsed": false
            },
            "children": []
          },
          {
            "type": "block",
            "id": "I-smUrFgDZMGS74s8vqmR",
            "flavour": "affine:list",
            "version": 1,
            "props": {
              "type": "bulleted",
              "text": {
                "$blocksuite:internal:text$": true,
                "delta": [
                  {
                    "insert": "Infinite Canvas-based Edgeless Graphic Mode",
                    "attributes": {
                      "bold": true
                    }
                  },
                  {
                    "insert": ": For drawing diagrams and visualizing ideas without boundaries."
                  }
                ]
              },
              "checked": false,
              "collapsed": false
            },
            "children": []
          },
          {
            "type": "block",
            "id": "UFooeB9ea2nWC6gUWIk2J",
            "flavour": "affine:list",
            "version": 1,
            "props": {
              "type": "bulleted",
              "text": {
                "$blocksuite:internal:text$": true,
                "delta": [
                  {
                    "insert": "Multi-dimensional Table with Transformable Views",
                    "attributes": {
                      "bold": true
                    }
                  },
                  {
                    "insert": ": For organizing and managing data in a flexible manner."
                  }
                ]
              },
              "checked": false,
              "collapsed": false
            },
            "children": []
          },
          {
            "type": "block",
            "id": "dLfINmL9PMH3vBN7R40T8",
            "flavour": "affine:paragraph",
            "version": 1,
            "props": {
              "type": "text",
              "text": {
                "$blocksuite:internal:text$": true,
                "delta": [
                  {
                    "insert": "AFFiNE AI provides step-by-step guidance, detailed markdown plans, and respects user privacy. It leverages the open-source technologies developed by Toeverything .Pte .Ltd, including blocksuite and octobase, to offer a seamless and transformative user experience."
                  }
                ]
              }
            },
            "children": []
          }
        ]
      }
    ]
  }
}