{
  "type": "info",
  "id": "298b5393-074b-4239-bd90-69e195fa3ecc",
  "pageVersion": 2,
  "workspaceVersion": 2,
  "properties": {
    "tags": {
      "options": []
    }
  },
  "pages": [
    {
      "updatedDate": 1709708595753,
      "favorite": true,
      "id": "qA9Z68bGfm_EV0PoSlSJ_",
      "title": "",
      "createDate": 1709089418786,
      "tags": []
    },
    {
      "id": "FgxliYqKS5BoT6ZHtzsCS",
      "title": "213123",
      "createDate": 1709100748340,
      "tags": [],
      "updatedDate": 1717775107442,
      "favorite": true
    },
    {
      "id": "1HowfTz_yqXYoYlXEXOer",
      "title": "541541512",
      "createDate": 1709100761887,
      "tags": [],
      "updatedDate": 1709100762911,
      "favorite": false
    },
    {
      "id": "Vq0vrQf8OWTwVkLUbnEtM",
      "title": "",
      "createDate": 1710315761794,
      "tags": [],
      "updatedDate": 1710315778686
    },
    {
      "id": "nLrs202yxrTrMQkbmDlH6",
      "title": "MographAE 非官方中文文档",
      "createDate": 1710316531241,
      "tags": [],
      "updatedDate": 1710316555237,
      "trash": true,
      "trashDate": 1710316561052
    },
    {
      "id": "sYrFal635u0ZGjSB-9nTy",
      "title": "MographAE 非官方中文文档",
      "createDate": 1710316819415,
      "tags": [],
      "updatedDate": 1710316977433,
      "trash": true,
      "trashDate": 1710317476187
    },
    {
      "id": "OifIcQgkH68wTzp_fGPSO",
      "title": "",
      "createDate": 1710317477601,
      "tags": [],
      "updatedDate": 1719196177669
    },
    {
      "id": "o0mmb_a28rkd1iy4W8ozd",
      "title": "MographAE 非官方中文文档",
      "createDate": 1710317490122,
      "tags": [],
      "updatedDate": 1713945976197
    },
    {
      "id": "NVNLq5ILKCvCP7Yq7DW-J",
      "title": "PRD / AI image actions",
      "createDate": 1715572753685,
      "tags": [],
      "updatedDate": 1716039639453
    },
    {
      "id": "cK0OK1kUvyK8tQA-_ph9c",
      "title": "Freely communicate with AI",
      "createDate": 1719284462316,
      "tags": [],
      "updatedDate": 1719306007680
    },
    {
      "id": "a3W8d5qSWMHHikcWkRwan",
      "title": "Complete writing with AI",
      "createDate": 1719284478538,
      "tags": [],
      "updatedDate": 1719371556693
    },
    {
      "id": "8AFvi7IdwNJZMcFzFKGan",
      "title": "暂时",
      "createDate": 1719285715366,
      "tags": [],
      "updatedDate": 1719285807395
    }
  ]
}